x,y,r
DASYMETRIC_POPULATION_DEN_RZ,PCT_IMPERVIOUSNESS2011_MEAN_WS,0.8437204111621135
DASYMETRIC_POPULATION_DEN_RZ,DOM_H2O_USE_MGD_2005_WS,0.8200033583618749
DASYMETRIC_POPULATION_DEN_RZ,DASYMETRIC_POPULATION_DEN_WS,0.8377894995284423
DASYMETRIC_POPULATION_DEN_RZ,CROP_MH_URB_CDLNLCD11_PCT_RZ,0.5115959491270257
DASYMETRIC_POPULATION_DEN_RZ,IND_H2O_USE_MGD_WS,0.5209313519439162
DASYMETRIC_POPULATION_DEN_RZ,ROADS_ALL_DENSITY_2014_RZ,0.4966632777676996
DASYMETRIC_POPULATION_DEN_RZ,ICLUS_IC_DIFF_PCT,0.3761997792925726
DASYMETRIC_POPULATION_DEN_RZ,U_INDEX_CHG_2001_11_PCT_WS,0.4541942141607051
DASYMETRIC_POPULATION_DEN_RZ,U_INDEX2_CHG_2001_11_PCT_WS,0.4040258428396637
DASYMETRIC_POPULATION_DEN_RZ,U_INDEX_CHG_2001_11_PCT_RZ,0.35629489573798695
DASYMETRIC_POPULATION_DEN_RZ,U_INDEX2_CHG_2001_11_PCT_RZ,0.30574942557167073
DASYMETRIC_POPULATION_DEN_RZ,ROAD_2015_STRM_X_DENS_WS,0.24146074476749776
DASYMETRIC_POPULATION_DEN_RZ,MINET_DEN,0.19955408323079885
DASYMETRIC_POPULATION_DEN_RZ,pdsi_noaa,0.10768470304031136
DASYMETRIC_POPULATION_DEN_RZ,phdi_noaa,0.10632092850082417
DASYMETRIC_POPULATION_DEN_RZ,pmdi_noaa,0.10214231918866307
DASYMETRIC_POPULATION_DEN_RZ,AG_H2O_USE_05_WS,-0.0038114540719123933
DASYMETRIC_POPULATION_DEN_RZ,DITCH_DRAINAGE_WS_PCT,-0.008086606450809268
DASYMETRIC_POPULATION_DEN_RZ,spei12,0.09216686940594682
DASYMETRIC_POPULATION_DEN_RZ,AG_HYDRIC_PCT_WS,0.07988646506482536
DASYMETRIC_POPULATION_DEN_RZ,DAM_DENSITY_PER_KM_STRM,0.12470625323547116
DASYMETRIC_POPULATION_DEN_RZ,spei24,0.0730362469843547
DASYMETRIC_POPULATION_DEN_RZ,DAM_STORAGE_RATIO,0.1691072388918017
DASYMETRIC_POPULATION_DEN_RZ,areasqkm,0.06486427382785921
DASYMETRIC_POPULATION_DEN_RZ,pcpn_noaa,0.01045733412873257
DASYMETRIC_POPULATION_DEN_RZ,latitude_dd,-0.02503488877116328
DASYMETRIC_POPULATION_DEN_RZ,daylen_hr,-0.0905989270696231
DASYMETRIC_POPULATION_DEN_RZ,ECOREGION2013L3_1STCODE,0.039454883101995165
DASYMETRIC_POPULATION_DEN_RZ,capt_mon,-0.06292252973649624
DASYMETRIC_POPULATION_DEN_RZ,tmin_noaa,-0.05130337511103633
DASYMETRIC_POPULATION_DEN_RZ,tmpc_noaa,-0.05982843770643579
DASYMETRIC_POPULATION_DEN_RZ,tmax_noaa,-0.06391160758976024
DASYMETRIC_POPULATION_DEN_RZ,longitude_dd,-0.05007486299347931
DASYMETRIC_POPULATION_DEN_RZ,PCT_FOREST_REMAIN,-0.23514420936867428
DASYMETRIC_POPULATION_DEN_RZ,MEAN_WILDFIRE_RISK,-0.19205438312140125
DASYMETRIC_POPULATION_DEN_RZ,HVH_WILDFIRE_RISK_PCT,-0.21113337006856367
DASYMETRIC_POPULATION_DEN_RZ,GAP_PROT_1_2_PCT_WS,-0.17484607578980277
DASYMETRIC_POPULATION_DEN_RZ,capt_yr,-0.15482189742727015
DASYMETRIC_POPULATION_DEN_RZ,elevation,-0.2553940547521978
DASYMETRIC_POPULATION_DEN_RZ,NRSA_AQUATIC_COND_MEAN,-0.40367422575880235
DASYMETRIC_POPULATION_DEN_RZ,N_INDEX_CDLNLCD11_PCT_HAZ,-0.5016284416457997
DASYMETRIC_POPULATION_DEN_RZ,N_INDEX2_CDLNLCD11_PCT_HAZ,-0.5045314779854012
DASYMETRIC_POPULATION_DEN_RZ,NFHP15_HCI_LOCAL_WS,-0.779291606358878
DASYMETRIC_POPULATION_DEN_RZ,N_INDEX2_CDLNLCD11_PCT_WS,-0.7181311479656272
DASYMETRIC_POPULATION_DEN_RZ,N_INDEX_CDLNLCD11_PCT_WS,-0.7227638699092616
PCT_IMPERVIOUSNESS2011_MEAN_WS,DOM_H2O_USE_MGD_2005_WS,0.9718380698518181
PCT_IMPERVIOUSNESS2011_MEAN_WS,DASYMETRIC_POPULATION_DEN_WS,0.831824651189987
PCT_IMPERVIOUSNESS2011_MEAN_WS,CROP_MH_URB_CDLNLCD11_PCT_RZ,0.5593790997488676
PCT_IMPERVIOUSNESS2011_MEAN_WS,IND_H2O_USE_MGD_WS,0.6438500848048192
PCT_IMPERVIOUSNESS2011_MEAN_WS,ROADS_ALL_DENSITY_2014_RZ,0.3297746488401836
PCT_IMPERVIOUSNESS2011_MEAN_WS,ICLUS_IC_DIFF_PCT,0.48723326157051294
PCT_IMPERVIOUSNESS2011_MEAN_WS,U_INDEX_CHG_2001_11_PCT_WS,0.28414458444163937
PCT_IMPERVIOUSNESS2011_MEAN_WS,U_INDEX2_CHG_2001_11_PCT_WS,0.25504863382751214
PCT_IMPERVIOUSNESS2011_MEAN_WS,U_INDEX_CHG_2001_11_PCT_RZ,0.17488583531661353
PCT_IMPERVIOUSNESS2011_MEAN_WS,U_INDEX2_CHG_2001_11_PCT_RZ,0.18571252561255697
PCT_IMPERVIOUSNESS2011_MEAN_WS,ROAD_2015_STRM_X_DENS_WS,0.09224867748580143
PCT_IMPERVIOUSNESS2011_MEAN_WS,MINET_DEN,0.3527492266233844
PCT_IMPERVIOUSNESS2011_MEAN_WS,pdsi_noaa,0.13535457709521512
PCT_IMPERVIOUSNESS2011_MEAN_WS,phdi_noaa,0.12137114882488337
PCT_IMPERVIOUSNESS2011_MEAN_WS,pmdi_noaa,0.1273675589111198
PCT_IMPERVIOUSNESS2011_MEAN_WS,AG_H2O_USE_05_WS,0.015450579733155155
PCT_IMPERVIOUSNESS2011_MEAN_WS,DITCH_DRAINAGE_WS_PCT,0.021160998170050974
PCT_IMPERVIOUSNESS2011_MEAN_WS,spei12,0.09716283012718836
PCT_IMPERVIOUSNESS2011_MEAN_WS,AG_HYDRIC_PCT_WS,0.043732310915235176
PCT_IMPERVIOUSNESS2011_MEAN_WS,DAM_DENSITY_PER_KM_STRM,0.1951819728726552
PCT_IMPERVIOUSNESS2011_MEAN_WS,spei24,0.11502974044269271
PCT_IMPERVIOUSNESS2011_MEAN_WS,DAM_STORAGE_RATIO,0.11906043802866105
PCT_IMPERVIOUSNESS2011_MEAN_WS,areasqkm,0.14945332271824927
PCT_IMPERVIOUSNESS2011_MEAN_WS,pcpn_noaa,-0.027119715731689673
PCT_IMPERVIOUSNESS2011_MEAN_WS,latitude_dd,-0.08743024718488204
PCT_IMPERVIOUSNESS2011_MEAN_WS,daylen_hr,-0.040738473673258196
PCT_IMPERVIOUSNESS2011_MEAN_WS,ECOREGION2013L3_1STCODE,0.07766477304166557
PCT_IMPERVIOUSNESS2011_MEAN_WS,capt_mon,-0.0569622116181185
PCT_IMPERVIOUSNESS2011_MEAN_WS,tmin_noaa,0.003352073676730728
PCT_IMPERVIOUSNESS2011_MEAN_WS,tmpc_noaa,-0.019579656765842578
PCT_IMPERVIOUSNESS2011_MEAN_WS,tmax_noaa,-0.033990565001899016
PCT_IMPERVIOUSNESS2011_MEAN_WS,longitude_dd,0.07663423072396879
PCT_IMPERVIOUSNESS2011_MEAN_WS,PCT_FOREST_REMAIN,-0.18653821626483807
PCT_IMPERVIOUSNESS2011_MEAN_WS,MEAN_WILDFIRE_RISK,-0.146996354226129
PCT_IMPERVIOUSNESS2011_MEAN_WS,HVH_WILDFIRE_RISK_PCT,-0.19027160069145238
PCT_IMPERVIOUSNESS2011_MEAN_WS,GAP_PROT_1_2_PCT_WS,-0.11331737549033458
PCT_IMPERVIOUSNESS2011_MEAN_WS,capt_yr,-0.10289701269314688
PCT_IMPERVIOUSNESS2011_MEAN_WS,elevation,-0.1694792693407537
PCT_IMPERVIOUSNESS2011_MEAN_WS,NRSA_AQUATIC_COND_MEAN,-0.33705920348148816
PCT_IMPERVIOUSNESS2011_MEAN_WS,N_INDEX_CDLNLCD11_PCT_HAZ,-0.3990249389051025
PCT_IMPERVIOUSNESS2011_MEAN_WS,N_INDEX2_CDLNLCD11_PCT_HAZ,-0.4052944988954735
PCT_IMPERVIOUSNESS2011_MEAN_WS,NFHP15_HCI_LOCAL_WS,-0.7534592927295056
PCT_IMPERVIOUSNESS2011_MEAN_WS,N_INDEX2_CDLNLCD11_PCT_WS,-0.7057588340690338
PCT_IMPERVIOUSNESS2011_MEAN_WS,N_INDEX_CDLNLCD11_PCT_WS,-0.7077866391962713
DOM_H2O_USE_MGD_2005_WS,DASYMETRIC_POPULATION_DEN_WS,0.8932768103103486
DOM_H2O_USE_MGD_2005_WS,CROP_MH_URB_CDLNLCD11_PCT_RZ,0.47657562677413173
DOM_H2O_USE_MGD_2005_WS,IND_H2O_USE_MGD_WS,0.6336488835067884
DOM_H2O_USE_MGD_2005_WS,ROADS_ALL_DENSITY_2014_RZ,0.2528252698685565
DOM_H2O_USE_MGD_2005_WS,ICLUS_IC_DIFF_PCT,0.46385713042074483
DOM_H2O_USE_MGD_2005_WS,U_INDEX_CHG_2001_11_PCT_WS,0.25368386083942807
DOM_H2O_USE_MGD_2005_WS,U_INDEX2_CHG_2001_11_PCT_WS,0.21078913709549077
DOM_H2O_USE_MGD_2005_WS,U_INDEX_CHG_2001_11_PCT_RZ,0.15767236566288048
DOM_H2O_USE_MGD_2005_WS,U_INDEX2_CHG_2001_11_PCT_RZ,0.15841588100139603
DOM_H2O_USE_MGD_2005_WS,ROAD_2015_STRM_X_DENS_WS,0.03331666667010746
DOM_H2O_USE_MGD_2005_WS,MINET_DEN,0.3237842737965513
DOM_H2O_USE_MGD_2005_WS,pdsi_noaa,0.11838520225491478
DOM_H2O_USE_MGD_2005_WS,phdi_noaa,0.09998666306727994
DOM_H2O_USE_MGD_2005_WS,pmdi_noaa,0.10379115177321399
DOM_H2O_USE_MGD_2005_WS,AG_H2O_USE_05_WS,-0.010597872912150388
DOM_H2O_USE_MGD_2005_WS,DITCH_DRAINAGE_WS_PCT,-0.014042108055192131
DOM_H2O_USE_MGD_2005_WS,spei12,0.08555055848692349
DOM_H2O_USE_MGD_2005_WS,AG_HYDRIC_PCT_WS,0.019014229820197966
DOM_H2O_USE_MGD_2005_WS,DAM_DENSITY_PER_KM_STRM,0.13675639326290331
DOM_H2O_USE_MGD_2005_WS,spei24,0.10772364265695905
DOM_H2O_USE_MGD_2005_WS,DAM_STORAGE_RATIO,0.04256365025210527
DOM_H2O_USE_MGD_2005_WS,areasqkm,0.1989086415868362
DOM_H2O_USE_MGD_2005_WS,pcpn_noaa,-0.007565630329254127
DOM_H2O_USE_MGD_2005_WS,latitude_dd,-0.10312075592106706
DOM_H2O_USE_MGD_2005_WS,daylen_hr,-0.03409066408260803
DOM_H2O_USE_MGD_2005_WS,ECOREGION2013L3_1STCODE,0.09796931263239815
DOM_H2O_USE_MGD_2005_WS,capt_mon,-0.08291661960815169
DOM_H2O_USE_MGD_2005_WS,tmin_noaa,-0.006476062991261169
DOM_H2O_USE_MGD_2005_WS,tmpc_noaa,-0.03261317756097301
DOM_H2O_USE_MGD_2005_WS,tmax_noaa,-0.04881241608461435
DOM_H2O_USE_MGD_2005_WS,longitude_dd,0.09828941893620452
DOM_H2O_USE_MGD_2005_WS,PCT_FOREST_REMAIN,-0.17881307681658318
DOM_H2O_USE_MGD_2005_WS,MEAN_WILDFIRE_RISK,-0.14049883840154673
DOM_H2O_USE_MGD_2005_WS,HVH_WILDFIRE_RISK_PCT,-0.1729039164768434
DOM_H2O_USE_MGD_2005_WS,GAP_PROT_1_2_PCT_WS,-0.07822445279885938
DOM_H2O_USE_MGD_2005_WS,capt_yr,-0.10207113283387995
DOM_H2O_USE_MGD_2005_WS,elevation,-0.1398804604536447
DOM_H2O_USE_MGD_2005_WS,NRSA_AQUATIC_COND_MEAN,-0.2815696612784151
DOM_H2O_USE_MGD_2005_WS,N_INDEX_CDLNLCD11_PCT_HAZ,-0.3788212689149276
DOM_H2O_USE_MGD_2005_WS,N_INDEX2_CDLNLCD11_PCT_HAZ,-0.3838651361432484
DOM_H2O_USE_MGD_2005_WS,NFHP15_HCI_LOCAL_WS,-0.7013692493936639
DOM_H2O_USE_MGD_2005_WS,N_INDEX2_CDLNLCD11_PCT_WS,-0.6838457196957437
DOM_H2O_USE_MGD_2005_WS,N_INDEX_CDLNLCD11_PCT_WS,-0.6864152281142376
DASYMETRIC_POPULATION_DEN_WS,CROP_MH_URB_CDLNLCD11_PCT_RZ,0.4192811832865048
DASYMETRIC_POPULATION_DEN_WS,IND_H2O_USE_MGD_WS,0.5164698199852682
DASYMETRIC_POPULATION_DEN_WS,ROADS_ALL_DENSITY_2014_RZ,0.23586502542859908
DASYMETRIC_POPULATION_DEN_WS,ICLUS_IC_DIFF_PCT,0.369634113871113
DASYMETRIC_POPULATION_DEN_WS,U_INDEX_CHG_2001_11_PCT_WS,0.22409318235320674
DASYMETRIC_POPULATION_DEN_WS,U_INDEX2_CHG_2001_11_PCT_WS,0.19224041786376245
DASYMETRIC_POPULATION_DEN_WS,U_INDEX_CHG_2001_11_PCT_RZ,0.1383158507467917
DASYMETRIC_POPULATION_DEN_WS,U_INDEX2_CHG_2001_11_PCT_RZ,0.1348819645923485
DASYMETRIC_POPULATION_DEN_WS,ROAD_2015_STRM_X_DENS_WS,0.059636400609591966
DASYMETRIC_POPULATION_DEN_WS,MINET_DEN,0.2646727306988213
DASYMETRIC_POPULATION_DEN_WS,pdsi_noaa,0.12149316895422045
DASYMETRIC_POPULATION_DEN_WS,phdi_noaa,0.11276425681482258
DASYMETRIC_POPULATION_DEN_WS,pmdi_noaa,0.10928647071746266
DASYMETRIC_POPULATION_DEN_WS,AG_H2O_USE_05_WS,-0.018929461440700426
DASYMETRIC_POPULATION_DEN_WS,DITCH_DRAINAGE_WS_PCT,-0.016297887023784468
DASYMETRIC_POPULATION_DEN_WS,spei12,0.08923880041707788
DASYMETRIC_POPULATION_DEN_WS,AG_HYDRIC_PCT_WS,0.014742995063422934
DASYMETRIC_POPULATION_DEN_WS,DAM_DENSITY_PER_KM_STRM,0.12360970074888739
DASYMETRIC_POPULATION_DEN_WS,spei24,0.1071777264610729
DASYMETRIC_POPULATION_DEN_WS,DAM_STORAGE_RATIO,0.06862786211074699
DASYMETRIC_POPULATION_DEN_WS,areasqkm,0.1922008483148195
DASYMETRIC_POPULATION_DEN_WS,pcpn_noaa,0.02236587177361442
DASYMETRIC_POPULATION_DEN_WS,latitude_dd,-0.07027764843605776
DASYMETRIC_POPULATION_DEN_WS,daylen_hr,-0.06011375887556003
DASYMETRIC_POPULATION_DEN_WS,ECOREGION2013L3_1STCODE,0.0444159998404598
DASYMETRIC_POPULATION_DEN_WS,capt_mon,-0.07930997010258764
DASYMETRIC_POPULATION_DEN_WS,tmin_noaa,-0.025298827092778448
DASYMETRIC_POPULATION_DEN_WS,tmpc_noaa,-0.04639061474311899
DASYMETRIC_POPULATION_DEN_WS,tmax_noaa,-0.05899969179898474
DASYMETRIC_POPULATION_DEN_WS,longitude_dd,0.03118915140470075
DASYMETRIC_POPULATION_DEN_WS,PCT_FOREST_REMAIN,-0.19910950781325928
DASYMETRIC_POPULATION_DEN_WS,MEAN_WILDFIRE_RISK,-0.16631694969688635
DASYMETRIC_POPULATION_DEN_WS,HVH_WILDFIRE_RISK_PCT,-0.20928282839719164
DASYMETRIC_POPULATION_DEN_WS,GAP_PROT_1_2_PCT_WS,-0.10284943711925336
DASYMETRIC_POPULATION_DEN_WS,capt_yr,-0.15239947686795166
DASYMETRIC_POPULATION_DEN_WS,elevation,-0.17738872259059618
DASYMETRIC_POPULATION_DEN_WS,NRSA_AQUATIC_COND_MEAN,-0.271112250393338
DASYMETRIC_POPULATION_DEN_WS,N_INDEX_CDLNLCD11_PCT_HAZ,-0.439402987181265
DASYMETRIC_POPULATION_DEN_WS,N_INDEX2_CDLNLCD11_PCT_HAZ,-0.4452111884684065
DASYMETRIC_POPULATION_DEN_WS,NFHP15_HCI_LOCAL_WS,-0.6521612943737954
DASYMETRIC_POPULATION_DEN_WS,N_INDEX2_CDLNLCD11_PCT_WS,-0.7312633092111689
DASYMETRIC_POPULATION_DEN_WS,N_INDEX_CDLNLCD11_PCT_WS,-0.7343890849747129
CROP_MH_URB_CDLNLCD11_PCT_RZ,IND_H2O_USE_MGD_WS,0.3688133293724674
CROP_MH_URB_CDLNLCD11_PCT_RZ,ROADS_ALL_DENSITY_2014_RZ,0.38169581795235086
CROP_MH_URB_CDLNLCD11_PCT_RZ,ICLUS_IC_DIFF_PCT,0.5524470083148719
CROP_MH_URB_CDLNLCD11_PCT_RZ,U_INDEX_CHG_2001_11_PCT_WS,0.23858037997903278
CROP_MH_URB_CDLNLCD11_PCT_RZ,U_INDEX2_CHG_2001_11_PCT_WS,0.2589043233788151
CROP_MH_URB_CDLNLCD11_PCT_RZ,U_INDEX_CHG_2001_11_PCT_RZ,0.18486771136126542
CROP_MH_URB_CDLNLCD11_PCT_RZ,U_INDEX2_CHG_2001_11_PCT_RZ,0.24220124971754475
CROP_MH_URB_CDLNLCD11_PCT_RZ,ROAD_2015_STRM_X_DENS_WS,0.3716208874213479
CROP_MH_URB_CDLNLCD11_PCT_RZ,MINET_DEN,0.1616430376261892
CROP_MH_URB_CDLNLCD11_PCT_RZ,pdsi_noaa,0.1514492057196095
CROP_MH_URB_CDLNLCD11_PCT_RZ,phdi_noaa,0.140566327210493
CROP_MH_URB_CDLNLCD11_PCT_RZ,pmdi_noaa,0.15142120815701568
CROP_MH_URB_CDLNLCD11_PCT_RZ,AG_H2O_USE_05_WS,0.7618932868066982
CROP_MH_URB_CDLNLCD11_PCT_RZ,DITCH_DRAINAGE_WS_PCT,0.6874957766568589
CROP_MH_URB_CDLNLCD11_PCT_RZ,spei12,0.09434066874916067
CROP_MH_URB_CDLNLCD11_PCT_RZ,AG_HYDRIC_PCT_WS,0.3398641007432478
CROP_MH_URB_CDLNLCD11_PCT_RZ,DAM_DENSITY_PER_KM_STRM,0.11676032242920582
CROP_MH_URB_CDLNLCD11_PCT_RZ,spei24,0.01503340913707975
CROP_MH_URB_CDLNLCD11_PCT_RZ,DAM_STORAGE_RATIO,0.11348542114801412
CROP_MH_URB_CDLNLCD11_PCT_RZ,areasqkm,0.0263417367894254
CROP_MH_URB_CDLNLCD11_PCT_RZ,pcpn_noaa,-0.07084447589876434
CROP_MH_URB_CDLNLCD11_PCT_RZ,latitude_dd,-0.1342335955030107
CROP_MH_URB_CDLNLCD11_PCT_RZ,daylen_hr,0.0032848910639483096
CROP_MH_URB_CDLNLCD11_PCT_RZ,ECOREGION2013L3_1STCODE,-0.04455435292971313
CROP_MH_URB_CDLNLCD11_PCT_RZ,capt_mon,-0.02356227588776036
CROP_MH_URB_CDLNLCD11_PCT_RZ,tmin_noaa,0.027210472741453214
CROP_MH_URB_CDLNLCD11_PCT_RZ,tmpc_noaa,-2.528492054557875e-4
CROP_MH_URB_CDLNLCD11_PCT_RZ,tmax_noaa,-0.017850736974367603
CROP_MH_URB_CDLNLCD11_PCT_RZ,longitude_dd,0.047781001124607335
CROP_MH_URB_CDLNLCD11_PCT_RZ,PCT_FOREST_REMAIN,-0.23285547268989834
CROP_MH_URB_CDLNLCD11_PCT_RZ,MEAN_WILDFIRE_RISK,-0.19063103971518913
CROP_MH_URB_CDLNLCD11_PCT_RZ,HVH_WILDFIRE_RISK_PCT,-0.2883962803865546
CROP_MH_URB_CDLNLCD11_PCT_RZ,GAP_PROT_1_2_PCT_WS,-0.1428338628794077
CROP_MH_URB_CDLNLCD11_PCT_RZ,capt_yr,-0.23183580236953746
CROP_MH_URB_CDLNLCD11_PCT_RZ,elevation,-0.2901761603502842
CROP_MH_URB_CDLNLCD11_PCT_RZ,NRSA_AQUATIC_COND_MEAN,-0.4363587574835021
CROP_MH_URB_CDLNLCD11_PCT_RZ,N_INDEX_CDLNLCD11_PCT_HAZ,-0.399257764170481
CROP_MH_URB_CDLNLCD11_PCT_RZ,N_INDEX2_CDLNLCD11_PCT_HAZ,-0.4138921135373814
CROP_MH_URB_CDLNLCD11_PCT_RZ,NFHP15_HCI_LOCAL_WS,-0.4545611101709257
CROP_MH_URB_CDLNLCD11_PCT_RZ,N_INDEX2_CDLNLCD11_PCT_WS,-0.6486319311525883
CROP_MH_URB_CDLNLCD11_PCT_RZ,N_INDEX_CDLNLCD11_PCT_WS,-0.6461758459111882
IND_H2O_USE_MGD_WS,ROADS_ALL_DENSITY_2014_RZ,0.32282374610495035
IND_H2O_USE_MGD_WS,ICLUS_IC_DIFF_PCT,0.27660789099068683
IND_H2O_USE_MGD_WS,U_INDEX_CHG_2001_11_PCT_WS,0.2876807336732203
IND_H2O_USE_MGD_WS,U_INDEX2_CHG_2001_11_PCT_WS,0.25886960437571693
IND_H2O_USE_MGD_WS,U_INDEX_CHG_2001_11_PCT_RZ,0.21822521276031315
IND_H2O_USE_MGD_WS,U_INDEX2_CHG_2001_11_PCT_RZ,0.24372169840020566
IND_H2O_USE_MGD_WS,ROAD_2015_STRM_X_DENS_WS,0.07648645508276111
IND_H2O_USE_MGD_WS,MINET_DEN,0.30370783487972786
IND_H2O_USE_MGD_WS,pdsi_noaa,0.21408981750434564
IND_H2O_USE_MGD_WS,phdi_noaa,0.19848747908078723
IND_H2O_USE_MGD_WS,pmdi_noaa,0.19451556502868475
IND_H2O_USE_MGD_WS,AG_H2O_USE_05_WS,0.031340120864669745
IND_H2O_USE_MGD_WS,DITCH_DRAINAGE_WS_PCT,0.06735489584505375
IND_H2O_USE_MGD_WS,spei12,0.20667752149548604
IND_H2O_USE_MGD_WS,AG_HYDRIC_PCT_WS,0.0012193409724357495
IND_H2O_USE_MGD_WS,DAM_DENSITY_PER_KM_STRM,0.2830184501543465
IND_H2O_USE_MGD_WS,spei24,0.1900274636495375
IND_H2O_USE_MGD_WS,DAM_STORAGE_RATIO,0.011167088673051759
IND_H2O_USE_MGD_WS,areasqkm,0.2616844053224174
IND_H2O_USE_MGD_WS,pcpn_noaa,0.10615583929510322
IND_H2O_USE_MGD_WS,latitude_dd,0.10007539046446613
IND_H2O_USE_MGD_WS,daylen_hr,0.04860472212818928
IND_H2O_USE_MGD_WS,ECOREGION2013L3_1STCODE,0.14509405638727751
IND_H2O_USE_MGD_WS,capt_mon,-0.06813675799629659
IND_H2O_USE_MGD_WS,tmin_noaa,-0.046873835517549436
IND_H2O_USE_MGD_WS,tmpc_noaa,-0.07004031496084
IND_H2O_USE_MGD_WS,tmax_noaa,-0.08234315927095073
IND_H2O_USE_MGD_WS,longitude_dd,-0.020784104733648185
IND_H2O_USE_MGD_WS,PCT_FOREST_REMAIN,-0.05321057611304117
IND_H2O_USE_MGD_WS,MEAN_WILDFIRE_RISK,0.01193646620993007
IND_H2O_USE_MGD_WS,HVH_WILDFIRE_RISK_PCT,-0.02605005228547652
IND_H2O_USE_MGD_WS,GAP_PROT_1_2_PCT_WS,-0.15689969646739468
IND_H2O_USE_MGD_WS,capt_yr,-0.08638383340825728
IND_H2O_USE_MGD_WS,elevation,-0.05995209420878024
IND_H2O_USE_MGD_WS,NRSA_AQUATIC_COND_MEAN,-0.24254586081235857
IND_H2O_USE_MGD_WS,N_INDEX_CDLNLCD11_PCT_HAZ,-0.25809225469691194
IND_H2O_USE_MGD_WS,N_INDEX2_CDLNLCD11_PCT_HAZ,-0.26018425744825024
IND_H2O_USE_MGD_WS,NFHP15_HCI_LOCAL_WS,-0.6190344389967564
IND_H2O_USE_MGD_WS,N_INDEX2_CDLNLCD11_PCT_WS,-0.466433733542145
IND_H2O_USE_MGD_WS,N_INDEX_CDLNLCD11_PCT_WS,-0.47119400846742515
ROADS_ALL_DENSITY_2014_RZ,ICLUS_IC_DIFF_PCT,0.3010726596556298
ROADS_ALL_DENSITY_2014_RZ,U_INDEX_CHG_2001_11_PCT_WS,0.3135192199787213
ROADS_ALL_DENSITY_2014_RZ,U_INDEX2_CHG_2001_11_PCT_WS,0.22036429698031346
ROADS_ALL_DENSITY_2014_RZ,U_INDEX_CHG_2001_11_PCT_RZ,0.4429121641161753
ROADS_ALL_DENSITY_2014_RZ,U_INDEX2_CHG_2001_11_PCT_RZ,0.22438681316530001
ROADS_ALL_DENSITY_2014_RZ,ROAD_2015_STRM_X_DENS_WS,0.7348404054681625
ROADS_ALL_DENSITY_2014_RZ,MINET_DEN,0.2902397102862685
ROADS_ALL_DENSITY_2014_RZ,pdsi_noaa,0.16741511580118287
ROADS_ALL_DENSITY_2014_RZ,phdi_noaa,0.13434589824863763
ROADS_ALL_DENSITY_2014_RZ,pmdi_noaa,0.14885833321746034
ROADS_ALL_DENSITY_2014_RZ,AG_H2O_USE_05_WS,0.14291898687399857
ROADS_ALL_DENSITY_2014_RZ,DITCH_DRAINAGE_WS_PCT,0.10020601943747219
ROADS_ALL_DENSITY_2014_RZ,spei12,0.1332835663232181
ROADS_ALL_DENSITY_2014_RZ,AG_HYDRIC_PCT_WS,0.12515256130489552
ROADS_ALL_DENSITY_2014_RZ,DAM_DENSITY_PER_KM_STRM,0.14627074889506464
ROADS_ALL_DENSITY_2014_RZ,spei24,0.09249608945643205
ROADS_ALL_DENSITY_2014_RZ,DAM_STORAGE_RATIO,0.031222241465257858
ROADS_ALL_DENSITY_2014_RZ,areasqkm,-0.036969221682809916
ROADS_ALL_DENSITY_2014_RZ,pcpn_noaa,0.07762993069211345
ROADS_ALL_DENSITY_2014_RZ,latitude_dd,0.2671857223360037
ROADS_ALL_DENSITY_2014_RZ,daylen_hr,0.04151970580608703
ROADS_ALL_DENSITY_2014_RZ,ECOREGION2013L3_1STCODE,-0.0940393317932748
ROADS_ALL_DENSITY_2014_RZ,capt_mon,-0.015571131885555993
ROADS_ALL_DENSITY_2014_RZ,tmin_noaa,-0.09227644769476859
ROADS_ALL_DENSITY_2014_RZ,tmpc_noaa,-0.06564300538534036
ROADS_ALL_DENSITY_2014_RZ,tmax_noaa,-0.0463111271839031
ROADS_ALL_DENSITY_2014_RZ,longitude_dd,-0.2794095027251875
ROADS_ALL_DENSITY_2014_RZ,PCT_FOREST_REMAIN,0.17337549166747226
ROADS_ALL_DENSITY_2014_RZ,MEAN_WILDFIRE_RISK,-0.025613450824860585
ROADS_ALL_DENSITY_2014_RZ,HVH_WILDFIRE_RISK_PCT,0.0027558983946074297
ROADS_ALL_DENSITY_2014_RZ,GAP_PROT_1_2_PCT_WS,-0.4493652535280299
ROADS_ALL_DENSITY_2014_RZ,capt_yr,-0.3390493418059552
ROADS_ALL_DENSITY_2014_RZ,elevation,-0.24609589612923788
ROADS_ALL_DENSITY_2014_RZ,NRSA_AQUATIC_COND_MEAN,-0.30956910469153026
ROADS_ALL_DENSITY_2014_RZ,N_INDEX_CDLNLCD11_PCT_HAZ,-0.41254526183399987
ROADS_ALL_DENSITY_2014_RZ,N_INDEX2_CDLNLCD11_PCT_HAZ,-0.41737269778013236
ROADS_ALL_DENSITY_2014_RZ,NFHP15_HCI_LOCAL_WS,-0.5661444779126588
ROADS_ALL_DENSITY_2014_RZ,N_INDEX2_CDLNLCD11_PCT_WS,-0.3400607287936267
ROADS_ALL_DENSITY_2014_RZ,N_INDEX_CDLNLCD11_PCT_WS,-0.3440447384975836
ICLUS_IC_DIFF_PCT,U_INDEX_CHG_2001_11_PCT_WS,0.2586411023834913
ICLUS_IC_DIFF_PCT,U_INDEX2_CHG_2001_11_PCT_WS,0.2629226485419124
ICLUS_IC_DIFF_PCT,U_INDEX_CHG_2001_11_PCT_RZ,0.1919415385087989
ICLUS_IC_DIFF_PCT,U_INDEX2_CHG_2001_11_PCT_RZ,0.2749800729499287
ICLUS_IC_DIFF_PCT,ROAD_2015_STRM_X_DENS_WS,0.2792486562513774
ICLUS_IC_DIFF_PCT,MINET_DEN,0.4160257121396962
ICLUS_IC_DIFF_PCT,pdsi_noaa,0.06742434516882573
ICLUS_IC_DIFF_PCT,phdi_noaa,0.04454054958408674
ICLUS_IC_DIFF_PCT,pmdi_noaa,0.06613458547853318
ICLUS_IC_DIFF_PCT,AG_H2O_USE_05_WS,0.3878449872338402
ICLUS_IC_DIFF_PCT,DITCH_DRAINAGE_WS_PCT,0.2113899172801083
ICLUS_IC_DIFF_PCT,spei12,0.05631365397981644
ICLUS_IC_DIFF_PCT,AG_HYDRIC_PCT_WS,0.10718519536553407
ICLUS_IC_DIFF_PCT,DAM_DENSITY_PER_KM_STRM,0.14042533020293999
ICLUS_IC_DIFF_PCT,spei24,-0.03472109336922412
ICLUS_IC_DIFF_PCT,DAM_STORAGE_RATIO,0.143032354921794
ICLUS_IC_DIFF_PCT,areasqkm,0.22520292382779508
ICLUS_IC_DIFF_PCT,pcpn_noaa,-0.06663562188065802
ICLUS_IC_DIFF_PCT,latitude_dd,-0.28588545269594723
ICLUS_IC_DIFF_PCT,daylen_hr,-0.02655786862014886
ICLUS_IC_DIFF_PCT,ECOREGION2013L3_1STCODE,-0.09491475407550398
ICLUS_IC_DIFF_PCT,capt_mon,-0.13920212938550305
ICLUS_IC_DIFF_PCT,tmin_noaa,-0.025882699723817917
ICLUS_IC_DIFF_PCT,tmpc_noaa,-0.05236445249304505
ICLUS_IC_DIFF_PCT,tmax_noaa,-0.06774555046248978
ICLUS_IC_DIFF_PCT,longitude_dd,0.2561512295178042
ICLUS_IC_DIFF_PCT,PCT_FOREST_REMAIN,-0.12198824448606876
ICLUS_IC_DIFF_PCT,MEAN_WILDFIRE_RISK,-0.056232049825273654
ICLUS_IC_DIFF_PCT,HVH_WILDFIRE_RISK_PCT,-0.12253647593131418
ICLUS_IC_DIFF_PCT,GAP_PROT_1_2_PCT_WS,-0.0849114142740655
ICLUS_IC_DIFF_PCT,capt_yr,-0.21591662724780597
ICLUS_IC_DIFF_PCT,elevation,-0.15944264387147142
ICLUS_IC_DIFF_PCT,NRSA_AQUATIC_COND_MEAN,-0.3643642140084137
ICLUS_IC_DIFF_PCT,N_INDEX_CDLNLCD11_PCT_HAZ,-0.17400054579065782
ICLUS_IC_DIFF_PCT,N_INDEX2_CDLNLCD11_PCT_HAZ,-0.18671366043966317
ICLUS_IC_DIFF_PCT,NFHP15_HCI_LOCAL_WS,-0.40327989403004366
ICLUS_IC_DIFF_PCT,N_INDEX2_CDLNLCD11_PCT_WS,-0.4797040197721415
ICLUS_IC_DIFF_PCT,N_INDEX_CDLNLCD11_PCT_WS,-0.47639948040251495
U_INDEX_CHG_2001_11_PCT_WS,U_INDEX2_CHG_2001_11_PCT_WS,0.9545895942408069
U_INDEX_CHG_2001_11_PCT_WS,U_INDEX_CHG_2001_11_PCT_RZ,0.8636297224587297
U_INDEX_CHG_2001_11_PCT_WS,U_INDEX2_CHG_2001_11_PCT_RZ,0.8824915262912015
U_INDEX_CHG_2001_11_PCT_WS,ROAD_2015_STRM_X_DENS_WS,0.2492816884913005
U_INDEX_CHG_2001_11_PCT_WS,MINET_DEN,0.12235691218609915
U_INDEX_CHG_2001_11_PCT_WS,pdsi_noaa,0.04871602543124131
U_INDEX_CHG_2001_11_PCT_WS,phdi_noaa,0.10280546635059944
U_INDEX_CHG_2001_11_PCT_WS,pmdi_noaa,0.07711630264821204
U_INDEX_CHG_2001_11_PCT_WS,AG_H2O_USE_05_WS,0.010775517879245395
U_INDEX_CHG_2001_11_PCT_WS,DITCH_DRAINAGE_WS_PCT,0.012723413054687464
U_INDEX_CHG_2001_11_PCT_WS,spei12,0.12190324524024462
U_INDEX_CHG_2001_11_PCT_WS,AG_HYDRIC_PCT_WS,0.21089602143499084
U_INDEX_CHG_2001_11_PCT_WS,DAM_DENSITY_PER_KM_STRM,0.034984027009804464
U_INDEX_CHG_2001_11_PCT_WS,spei24,0.032511046820557096
U_INDEX_CHG_2001_11_PCT_WS,DAM_STORAGE_RATIO,-0.002225667989491128
U_INDEX_CHG_2001_11_PCT_WS,areasqkm,0.04421915037922717
U_INDEX_CHG_2001_11_PCT_WS,pcpn_noaa,-0.02086978523223589
U_INDEX_CHG_2001_11_PCT_WS,latitude_dd,-1.2583543996194343e-4
U_INDEX_CHG_2001_11_PCT_WS,daylen_hr,0.002574959043721748
U_INDEX_CHG_2001_11_PCT_WS,ECOREGION2013L3_1STCODE,-0.037188546384296764
U_INDEX_CHG_2001_11_PCT_WS,capt_mon,-0.030716204428466586
U_INDEX_CHG_2001_11_PCT_WS,tmin_noaa,-0.028598749395579198
U_INDEX_CHG_2001_11_PCT_WS,tmpc_noaa,-0.024121394154661302
U_INDEX_CHG_2001_11_PCT_WS,tmax_noaa,-0.02036463989197021
U_INDEX_CHG_2001_11_PCT_WS,longitude_dd,-0.037611569764392165
U_INDEX_CHG_2001_11_PCT_WS,PCT_FOREST_REMAIN,-0.15892114507483268
U_INDEX_CHG_2001_11_PCT_WS,MEAN_WILDFIRE_RISK,0.04584113839206883
U_INDEX_CHG_2001_11_PCT_WS,HVH_WILDFIRE_RISK_PCT,0.013518814975872682
U_INDEX_CHG_2001_11_PCT_WS,GAP_PROT_1_2_PCT_WS,-0.13163144013269582
U_INDEX_CHG_2001_11_PCT_WS,capt_yr,-0.0766213508497004
U_INDEX_CHG_2001_11_PCT_WS,elevation,-0.16088616173895234
U_INDEX_CHG_2001_11_PCT_WS,NRSA_AQUATIC_COND_MEAN,-0.29725520447871406
U_INDEX_CHG_2001_11_PCT_WS,N_INDEX_CDLNLCD11_PCT_HAZ,-0.18196578379807765
U_INDEX_CHG_2001_11_PCT_WS,N_INDEX2_CDLNLCD11_PCT_HAZ,-0.18310071106321926
U_INDEX_CHG_2001_11_PCT_WS,NFHP15_HCI_LOCAL_WS,-0.30955489687409293
U_INDEX_CHG_2001_11_PCT_WS,N_INDEX2_CDLNLCD11_PCT_WS,-0.28257374893754245
U_INDEX_CHG_2001_11_PCT_WS,N_INDEX_CDLNLCD11_PCT_WS,-0.28146492111428756
U_INDEX2_CHG_2001_11_PCT_WS,U_INDEX_CHG_2001_11_PCT_RZ,0.7407329347532359
U_INDEX2_CHG_2001_11_PCT_WS,U_INDEX2_CHG_2001_11_PCT_RZ,0.9040118774896331
U_INDEX2_CHG_2001_11_PCT_WS,ROAD_2015_STRM_X_DENS_WS,0.17195345210301805
U_INDEX2_CHG_2001_11_PCT_WS,MINET_DEN,0.15270966966293378
U_INDEX2_CHG_2001_11_PCT_WS,pdsi_noaa,0.06081727138371541
U_INDEX2_CHG_2001_11_PCT_WS,phdi_noaa,0.13226424586883548
U_INDEX2_CHG_2001_11_PCT_WS,pmdi_noaa,0.10234536007250641
U_INDEX2_CHG_2001_11_PCT_WS,AG_H2O_USE_05_WS,0.03237671515710927
U_INDEX2_CHG_2001_11_PCT_WS,DITCH_DRAINAGE_WS_PCT,0.056386681925628714
U_INDEX2_CHG_2001_11_PCT_WS,spei12,0.13440931969814482
U_INDEX2_CHG_2001_11_PCT_WS,AG_HYDRIC_PCT_WS,0.22035913884139732
U_INDEX2_CHG_2001_11_PCT_WS,DAM_DENSITY_PER_KM_STRM,0.04209846320417338
U_INDEX2_CHG_2001_11_PCT_WS,spei24,0.056665220039095576
U_INDEX2_CHG_2001_11_PCT_WS,DAM_STORAGE_RATIO,-0.0021521620841147664
U_INDEX2_CHG_2001_11_PCT_WS,areasqkm,0.04719485355404906
U_INDEX2_CHG_2001_11_PCT_WS,pcpn_noaa,-0.029500443288049377
U_INDEX2_CHG_2001_11_PCT_WS,latitude_dd,0.02199656675914161
U_INDEX2_CHG_2001_11_PCT_WS,daylen_hr,-0.0064178732571918634
U_INDEX2_CHG_2001_11_PCT_WS,ECOREGION2013L3_1STCODE,-0.029302744654020392
U_INDEX2_CHG_2001_11_PCT_WS,capt_mon,-0.03002738647769351
U_INDEX2_CHG_2001_11_PCT_WS,tmin_noaa,-0.013738112482059408
U_INDEX2_CHG_2001_11_PCT_WS,tmpc_noaa,-0.011123683493632738
U_INDEX2_CHG_2001_11_PCT_WS,tmax_noaa,-0.008902885017121397
U_INDEX2_CHG_2001_11_PCT_WS,longitude_dd,-0.04792309783555227
U_INDEX2_CHG_2001_11_PCT_WS,PCT_FOREST_REMAIN,-0.16082893244333898
U_INDEX2_CHG_2001_11_PCT_WS,MEAN_WILDFIRE_RISK,0.03358278677990138
U_INDEX2_CHG_2001_11_PCT_WS,HVH_WILDFIRE_RISK_PCT,-7.818997065323037e-4
U_INDEX2_CHG_2001_11_PCT_WS,GAP_PROT_1_2_PCT_WS,-0.12631194564507697
U_INDEX2_CHG_2001_11_PCT_WS,capt_yr,-0.061243680770510275
U_INDEX2_CHG_2001_11_PCT_WS,elevation,-0.14215365245505795
U_INDEX2_CHG_2001_11_PCT_WS,NRSA_AQUATIC_COND_MEAN,-0.25646616916533466
U_INDEX2_CHG_2001_11_PCT_WS,N_INDEX_CDLNLCD11_PCT_HAZ,-0.1419968889095886
U_INDEX2_CHG_2001_11_PCT_WS,N_INDEX2_CDLNLCD11_PCT_HAZ,-0.14401292744650696
U_INDEX2_CHG_2001_11_PCT_WS,NFHP15_HCI_LOCAL_WS,-0.3179891719060519
U_INDEX2_CHG_2001_11_PCT_WS,N_INDEX2_CDLNLCD11_PCT_WS,-0.26614121908338906
U_INDEX2_CHG_2001_11_PCT_WS,N_INDEX_CDLNLCD11_PCT_WS,-0.26411214412336814
U_INDEX_CHG_2001_11_PCT_RZ,U_INDEX2_CHG_2001_11_PCT_RZ,0.8340113717238425
U_INDEX_CHG_2001_11_PCT_RZ,ROAD_2015_STRM_X_DENS_WS,0.36081269955374057
U_INDEX_CHG_2001_11_PCT_RZ,MINET_DEN,0.08859888452285948
U_INDEX_CHG_2001_11_PCT_RZ,pdsi_noaa,0.04474835665980656
U_INDEX_CHG_2001_11_PCT_RZ,phdi_noaa,0.08374592233886102
U_INDEX_CHG_2001_11_PCT_RZ,pmdi_noaa,0.05990127344532089
U_INDEX_CHG_2001_11_PCT_RZ,AG_H2O_USE_05_WS,0.011236153146667338
U_INDEX_CHG_2001_11_PCT_RZ,DITCH_DRAINAGE_WS_PCT,0.009277696828347488
U_INDEX_CHG_2001_11_PCT_RZ,spei12,0.10992002296561591
U_INDEX_CHG_2001_11_PCT_RZ,AG_HYDRIC_PCT_WS,0.1209230658894772
U_INDEX_CHG_2001_11_PCT_RZ,DAM_DENSITY_PER_KM_STRM,0.017708376283704023
U_INDEX_CHG_2001_11_PCT_RZ,spei24,0.007398807638707116
U_INDEX_CHG_2001_11_PCT_RZ,DAM_STORAGE_RATIO,-0.033022466869995354
U_INDEX_CHG_2001_11_PCT_RZ,areasqkm,-0.023454800072687812
U_INDEX_CHG_2001_11_PCT_RZ,pcpn_noaa,0.004594453144012628
U_INDEX_CHG_2001_11_PCT_RZ,latitude_dd,0.0416359343986247
U_INDEX_CHG_2001_11_PCT_RZ,daylen_hr,0.032316698750255717
U_INDEX_CHG_2001_11_PCT_RZ,ECOREGION2013L3_1STCODE,-0.06996404936905999
U_INDEX_CHG_2001_11_PCT_RZ,capt_mon,-0.046686268751076565
U_INDEX_CHG_2001_11_PCT_RZ,tmin_noaa,-0.0752600509613058
U_INDEX_CHG_2001_11_PCT_RZ,tmpc_noaa,-0.06147394322567747
U_INDEX_CHG_2001_11_PCT_RZ,tmax_noaa,-0.050747213736173837
U_INDEX_CHG_2001_11_PCT_RZ,longitude_dd,-0.1081045613173962
U_INDEX_CHG_2001_11_PCT_RZ,PCT_FOREST_REMAIN,-0.09659482502638685
U_INDEX_CHG_2001_11_PCT_RZ,MEAN_WILDFIRE_RISK,0.05518980439019235
U_INDEX_CHG_2001_11_PCT_RZ,HVH_WILDFIRE_RISK_PCT,0.03645504627777977
U_INDEX_CHG_2001_11_PCT_RZ,GAP_PROT_1_2_PCT_WS,-0.1528354717756745
U_INDEX_CHG_2001_11_PCT_RZ,capt_yr,-0.16600421667024223
U_INDEX_CHG_2001_11_PCT_RZ,elevation,-0.21374819043743867
U_INDEX_CHG_2001_11_PCT_RZ,NRSA_AQUATIC_COND_MEAN,-0.3041671504945065
U_INDEX_CHG_2001_11_PCT_RZ,N_INDEX_CDLNLCD11_PCT_HAZ,-0.207731654628067
U_INDEX_CHG_2001_11_PCT_RZ,N_INDEX2_CDLNLCD11_PCT_HAZ,-0.20844762210284828
U_INDEX_CHG_2001_11_PCT_RZ,NFHP15_HCI_LOCAL_WS,-0.18975650813777553
U_INDEX_CHG_2001_11_PCT_RZ,N_INDEX2_CDLNLCD11_PCT_WS,-0.20372108713214762
U_INDEX_CHG_2001_11_PCT_RZ,N_INDEX_CDLNLCD11_PCT_WS,-0.20315300024524283
U_INDEX2_CHG_2001_11_PCT_RZ,ROAD_2015_STRM_X_DENS_WS,0.1988836602534262
U_INDEX2_CHG_2001_11_PCT_RZ,MINET_DEN,0.1225466723879215
U_INDEX2_CHG_2001_11_PCT_RZ,pdsi_noaa,0.052429711228844385
U_INDEX2_CHG_2001_11_PCT_RZ,phdi_noaa,0.12803445132088112
U_INDEX2_CHG_2001_11_PCT_RZ,pmdi_noaa,0.10052245036938107
U_INDEX2_CHG_2001_11_PCT_RZ,AG_H2O_USE_05_WS,0.034701077526964774
U_INDEX2_CHG_2001_11_PCT_RZ,DITCH_DRAINAGE_WS_PCT,0.041268383671393176
U_INDEX2_CHG_2001_11_PCT_RZ,spei12,0.13240155276026477
U_INDEX2_CHG_2001_11_PCT_RZ,AG_HYDRIC_PCT_WS,0.17340762950637995
U_INDEX2_CHG_2001_11_PCT_RZ,DAM_DENSITY_PER_KM_STRM,0.05277792289734834
U_INDEX2_CHG_2001_11_PCT_RZ,spei24,0.028168081569808
U_INDEX2_CHG_2001_11_PCT_RZ,DAM_STORAGE_RATIO,-0.026341323910634137
U_INDEX2_CHG_2001_11_PCT_RZ,areasqkm,0.0620153407200721
U_INDEX2_CHG_2001_11_PCT_RZ,pcpn_noaa,-0.02146461145163356
U_INDEX2_CHG_2001_11_PCT_RZ,latitude_dd,0.027550905951357726
U_INDEX2_CHG_2001_11_PCT_RZ,daylen_hr,0.017096782732025306
U_INDEX2_CHG_2001_11_PCT_RZ,ECOREGION2013L3_1STCODE,-0.05495673841878078
U_INDEX2_CHG_2001_11_PCT_RZ,capt_mon,-0.032724401036288056
U_INDEX2_CHG_2001_11_PCT_RZ,tmin_noaa,-0.03781882507469721
U_INDEX2_CHG_2001_11_PCT_RZ,tmpc_noaa,-0.02966100939015343
U_INDEX2_CHG_2001_11_PCT_RZ,tmax_noaa,-0.023447008502103486
U_INDEX2_CHG_2001_11_PCT_RZ,longitude_dd,-0.06741963615585125
U_INDEX2_CHG_2001_11_PCT_RZ,PCT_FOREST_REMAIN,-0.15686077808114926
U_INDEX2_CHG_2001_11_PCT_RZ,MEAN_WILDFIRE_RISK,0.04279278408175975
U_INDEX2_CHG_2001_11_PCT_RZ,HVH_WILDFIRE_RISK_PCT,0.0034563001974504313
U_INDEX2_CHG_2001_11_PCT_RZ,GAP_PROT_1_2_PCT_WS,-0.14520487180026473
U_INDEX2_CHG_2001_11_PCT_RZ,capt_yr,-0.11587446313276745
U_INDEX2_CHG_2001_11_PCT_RZ,elevation,-0.1561960718690478
U_INDEX2_CHG_2001_11_PCT_RZ,NRSA_AQUATIC_COND_MEAN,-0.2692282553758131
U_INDEX2_CHG_2001_11_PCT_RZ,N_INDEX_CDLNLCD11_PCT_HAZ,-0.07252438975710439
U_INDEX2_CHG_2001_11_PCT_RZ,N_INDEX2_CDLNLCD11_PCT_HAZ,-0.07329599317429794
U_INDEX2_CHG_2001_11_PCT_RZ,NFHP15_HCI_LOCAL_WS,-0.2487140623162816
U_INDEX2_CHG_2001_11_PCT_RZ,N_INDEX2_CDLNLCD11_PCT_WS,-0.20522737955839573
U_INDEX2_CHG_2001_11_PCT_RZ,N_INDEX_CDLNLCD11_PCT_WS,-0.20357223797181617
ROAD_2015_STRM_X_DENS_WS,MINET_DEN,0.20865635278103287
ROAD_2015_STRM_X_DENS_WS,pdsi_noaa,-0.02747515582573527
ROAD_2015_STRM_X_DENS_WS,phdi_noaa,-0.015474729421039488
ROAD_2015_STRM_X_DENS_WS,pmdi_noaa,-0.012613411331447345
ROAD_2015_STRM_X_DENS_WS,AG_H2O_USE_05_WS,0.3276258230945804
ROAD_2015_STRM_X_DENS_WS,DITCH_DRAINAGE_WS_PCT,0.20837484893511482
ROAD_2015_STRM_X_DENS_WS,spei12,0.007315263206943266
ROAD_2015_STRM_X_DENS_WS,AG_HYDRIC_PCT_WS,0.13099352592764257
ROAD_2015_STRM_X_DENS_WS,DAM_DENSITY_PER_KM_STRM,0.0366365397441243
ROAD_2015_STRM_X_DENS_WS,spei24,-0.010377075865191675
ROAD_2015_STRM_X_DENS_WS,DAM_STORAGE_RATIO,0.019884159318769447
ROAD_2015_STRM_X_DENS_WS,areasqkm,-0.17216305089957087
ROAD_2015_STRM_X_DENS_WS,pcpn_noaa,-0.04912989259437841
ROAD_2015_STRM_X_DENS_WS,latitude_dd,-0.059023491744245905
ROAD_2015_STRM_X_DENS_WS,daylen_hr,0.04295294515895423
ROAD_2015_STRM_X_DENS_WS,ECOREGION2013L3_1STCODE,-0.24565151440564903
ROAD_2015_STRM_X_DENS_WS,capt_mon,-0.023941203578603798
ROAD_2015_STRM_X_DENS_WS,tmin_noaa,0.01313742590100804
ROAD_2015_STRM_X_DENS_WS,tmpc_noaa,0.027784361647308752
ROAD_2015_STRM_X_DENS_WS,tmax_noaa,0.03667461812228182
ROAD_2015_STRM_X_DENS_WS,longitude_dd,-0.10317916692063898
ROAD_2015_STRM_X_DENS_WS,PCT_FOREST_REMAIN,0.1921067277019335
ROAD_2015_STRM_X_DENS_WS,MEAN_WILDFIRE_RISK,-0.04703296792655255
ROAD_2015_STRM_X_DENS_WS,HVH_WILDFIRE_RISK_PCT,-0.08636265928810993
ROAD_2015_STRM_X_DENS_WS,GAP_PROT_1_2_PCT_WS,-0.3573346109042925
ROAD_2015_STRM_X_DENS_WS,capt_yr,-0.22513462631274853
ROAD_2015_STRM_X_DENS_WS,elevation,-0.2796889712875917
ROAD_2015_STRM_X_DENS_WS,NRSA_AQUATIC_COND_MEAN,-0.361072383450078
ROAD_2015_STRM_X_DENS_WS,N_INDEX_CDLNLCD11_PCT_HAZ,-0.21759674678587063
ROAD_2015_STRM_X_DENS_WS,N_INDEX2_CDLNLCD11_PCT_HAZ,-0.22667884780114753
ROAD_2015_STRM_X_DENS_WS,NFHP15_HCI_LOCAL_WS,-0.22133207594703022
ROAD_2015_STRM_X_DENS_WS,N_INDEX2_CDLNLCD11_PCT_WS,-0.21620680844660245
ROAD_2015_STRM_X_DENS_WS,N_INDEX_CDLNLCD11_PCT_WS,-0.21291796081742453
MINET_DEN,pdsi_noaa,0.032300069417110916
MINET_DEN,phdi_noaa,0.038110553663244125
MINET_DEN,pmdi_noaa,0.028321882037614148
MINET_DEN,AG_H2O_USE_05_WS,-0.05537967051290624
MINET_DEN,DITCH_DRAINAGE_WS_PCT,-0.004344877583085875
MINET_DEN,spei12,0.08405801855995146
MINET_DEN,AG_HYDRIC_PCT_WS,0.1828355383127636
MINET_DEN,DAM_DENSITY_PER_KM_STRM,0.14809080829018265
MINET_DEN,spei24,0.11015186747388445
MINET_DEN,DAM_STORAGE_RATIO,-0.009461372163742316
MINET_DEN,areasqkm,0.22998685873454394
MINET_DEN,pcpn_noaa,0.00569236150062551
MINET_DEN,latitude_dd,-0.02703412623588359
MINET_DEN,daylen_hr,0.014026007230319557
MINET_DEN,ECOREGION2013L3_1STCODE,-0.060719757707397924
MINET_DEN,capt_mon,0.013319900194641068
MINET_DEN,tmin_noaa,-0.014896711995099591
MINET_DEN,tmpc_noaa,-0.015276809922730958
MINET_DEN,tmax_noaa,-0.014710481840303158
MINET_DEN,longitude_dd,-0.03506164875198769
MINET_DEN,PCT_FOREST_REMAIN,0.045593329968824044
MINET_DEN,MEAN_WILDFIRE_RISK,0.02203942650164848
MINET_DEN,HVH_WILDFIRE_RISK_PCT,-0.011105571809206613
MINET_DEN,GAP_PROT_1_2_PCT_WS,-0.16066906174329312
MINET_DEN,capt_yr,-0.0959355705595812
MINET_DEN,elevation,-0.07385344157182673
MINET_DEN,NRSA_AQUATIC_COND_MEAN,-0.20900699693293834
MINET_DEN,N_INDEX_CDLNLCD11_PCT_HAZ,-0.08077859141268241
MINET_DEN,N_INDEX2_CDLNLCD11_PCT_HAZ,-0.09414976340865189
MINET_DEN,NFHP15_HCI_LOCAL_WS,-0.3143638222769025
MINET_DEN,N_INDEX2_CDLNLCD11_PCT_WS,-0.2813344938285881
MINET_DEN,N_INDEX_CDLNLCD11_PCT_WS,-0.26816087538587846
pdsi_noaa,phdi_noaa,0.9148284642610381
pdsi_noaa,pmdi_noaa,0.956731731312116
pdsi_noaa,AG_H2O_USE_05_WS,0.09182262293400371
pdsi_noaa,DITCH_DRAINAGE_WS_PCT,0.17766921344884798
pdsi_noaa,spei12,0.7173081196640799
pdsi_noaa,AG_HYDRIC_PCT_WS,0.14832311360050332
pdsi_noaa,DAM_DENSITY_PER_KM_STRM,0.2376847890503864
pdsi_noaa,spei24,0.567739369138442
pdsi_noaa,DAM_STORAGE_RATIO,0.13730236774450336
pdsi_noaa,areasqkm,0.09567245453180749
pdsi_noaa,pcpn_noaa,0.20439209396198355
pdsi_noaa,latitude_dd,0.3328071091206052
pdsi_noaa,daylen_hr,0.10314812920254297
pdsi_noaa,ECOREGION2013L3_1STCODE,-0.021795329093336587
pdsi_noaa,capt_mon,0.1656651787154768
pdsi_noaa,tmin_noaa,0.0893967884174558
pdsi_noaa,tmpc_noaa,0.03600635452214827
pdsi_noaa,tmax_noaa,0.0010681659275094519
pdsi_noaa,longitude_dd,-0.24045961758465648
pdsi_noaa,PCT_FOREST_REMAIN,0.14357302510203598
pdsi_noaa,MEAN_WILDFIRE_RISK,0.0016586360912600293
pdsi_noaa,HVH_WILDFIRE_RISK_PCT,-0.02835342392367851
pdsi_noaa,GAP_PROT_1_2_PCT_WS,-0.30508219579162593
pdsi_noaa,capt_yr,-0.10007604094056147
pdsi_noaa,elevation,-0.10923190825762663
pdsi_noaa,NRSA_AQUATIC_COND_MEAN,0.05173838209189258
pdsi_noaa,N_INDEX_CDLNLCD11_PCT_HAZ,-0.15487469069866372
pdsi_noaa,N_INDEX2_CDLNLCD11_PCT_HAZ,-0.15548778222434975
pdsi_noaa,NFHP15_HCI_LOCAL_WS,-0.3027686907057455
pdsi_noaa,N_INDEX2_CDLNLCD11_PCT_WS,-0.21144140011519763
pdsi_noaa,N_INDEX_CDLNLCD11_PCT_WS,-0.21381055538932217
phdi_noaa,pmdi_noaa,0.963110486006665
phdi_noaa,AG_H2O_USE_05_WS,0.06762801407313035
phdi_noaa,DITCH_DRAINAGE_WS_PCT,0.15183263956787466
phdi_noaa,spei12,0.8359485686172679
phdi_noaa,AG_HYDRIC_PCT_WS,0.11302377427152209
phdi_noaa,DAM_DENSITY_PER_KM_STRM,0.20603893985691998
phdi_noaa,spei24,0.6446615239208511
phdi_noaa,DAM_STORAGE_RATIO,0.1207600072998267
phdi_noaa,areasqkm,0.08062821440475557
phdi_noaa,pcpn_noaa,0.11511073178394608
phdi_noaa,latitude_dd,0.30000457821048826
phdi_noaa,daylen_hr,0.07859971619696943
phdi_noaa,ECOREGION2013L3_1STCODE,0.017831136890016683
phdi_noaa,capt_mon,0.2505509247263692
phdi_noaa,tmin_noaa,0.1356071758204489
phdi_noaa,tmpc_noaa,0.08923446086222327
phdi_noaa,tmax_noaa,0.0577023753951996
phdi_noaa,longitude_dd,-0.225223906940911
phdi_noaa,PCT_FOREST_REMAIN,0.10574814224915584
phdi_noaa,MEAN_WILDFIRE_RISK,-0.0322022031477433
phdi_noaa,HVH_WILDFIRE_RISK_PCT,-0.07756440308200835
phdi_noaa,GAP_PROT_1_2_PCT_WS,-0.2859973659529191
phdi_noaa,capt_yr,-0.06639340622456114
phdi_noaa,elevation,-0.06681893252247459
phdi_noaa,NRSA_AQUATIC_COND_MEAN,0.016554179912467874
phdi_noaa,N_INDEX_CDLNLCD11_PCT_HAZ,-0.12409940070927264
phdi_noaa,N_INDEX2_CDLNLCD11_PCT_HAZ,-0.1271044645144224
phdi_noaa,NFHP15_HCI_LOCAL_WS,-0.2789239115377083
phdi_noaa,N_INDEX2_CDLNLCD11_PCT_WS,-0.23229100659595855
phdi_noaa,N_INDEX_CDLNLCD11_PCT_WS,-0.23085105051685262
pmdi_noaa,AG_H2O_USE_05_WS,0.0783870601351901
pmdi_noaa,DITCH_DRAINAGE_WS_PCT,0.16771395456475963
pmdi_noaa,spei12,0.775986955637996
pmdi_noaa,AG_HYDRIC_PCT_WS,0.14643914673346053
pmdi_noaa,DAM_DENSITY_PER_KM_STRM,0.1978827898178352
pmdi_noaa,spei24,0.5969152643990603
pmdi_noaa,DAM_STORAGE_RATIO,0.11927746968109844
pmdi_noaa,areasqkm,0.09276296773964804
pmdi_noaa,pcpn_noaa,0.17969179586951103
pmdi_noaa,latitude_dd,0.3011408210409728
pmdi_noaa,daylen_hr,0.09271372379851871
pmdi_noaa,ECOREGION2013L3_1STCODE,0.006203418138639675
pmdi_noaa,capt_mon,0.21641702861147882
pmdi_noaa,tmin_noaa,0.12767488678370753
pmdi_noaa,tmpc_noaa,0.07170257694512515
pmdi_noaa,tmax_noaa,0.03431336324820944
pmdi_noaa,longitude_dd,-0.22572024775953872
pmdi_noaa,PCT_FOREST_REMAIN,0.09696036964450382
pmdi_noaa,MEAN_WILDFIRE_RISK,-0.03399197924523601
pmdi_noaa,HVH_WILDFIRE_RISK_PCT,-0.06543674849836847
pmdi_noaa,GAP_PROT_1_2_PCT_WS,-0.29022088393000545
pmdi_noaa,capt_yr,-0.08228706845208716
pmdi_noaa,elevation,-0.09197211029624622
pmdi_noaa,NRSA_AQUATIC_COND_MEAN,0.028454869249169235
pmdi_noaa,N_INDEX_CDLNLCD11_PCT_HAZ,-0.11565906690396258
pmdi_noaa,N_INDEX2_CDLNLCD11_PCT_HAZ,-0.11847480399841057
pmdi_noaa,NFHP15_HCI_LOCAL_WS,-0.2849680022488926
pmdi_noaa,N_INDEX2_CDLNLCD11_PCT_WS,-0.2169497443230711
pmdi_noaa,N_INDEX_CDLNLCD11_PCT_WS,-0.21626511256716263
AG_H2O_USE_05_WS,DITCH_DRAINAGE_WS_PCT,0.8392027299412222
AG_H2O_USE_05_WS,spei12,0.0492593471895741
AG_H2O_USE_05_WS,AG_HYDRIC_PCT_WS,0.3574750705106429
AG_H2O_USE_05_WS,DAM_DENSITY_PER_KM_STRM,-0.04010656246979472
AG_H2O_USE_05_WS,spei24,-0.08431489106941736
AG_H2O_USE_05_WS,DAM_STORAGE_RATIO,0.002674012303299351
AG_H2O_USE_05_WS,areasqkm,-0.002220421664654242
AG_H2O_USE_05_WS,pcpn_noaa,-0.05706265498089721
AG_H2O_USE_05_WS,latitude_dd,-0.15225205277162104
AG_H2O_USE_05_WS,daylen_hr,0.058306245894556
AG_H2O_USE_05_WS,ECOREGION2013L3_1STCODE,-0.05718116635879122
AG_H2O_USE_05_WS,capt_mon,-0.027301287276410017
AG_H2O_USE_05_WS,tmin_noaa,0.05265252131242221
AG_H2O_USE_05_WS,tmpc_noaa,0.018016152793498025
AG_H2O_USE_05_WS,tmax_noaa,-0.00464335796536223
AG_H2O_USE_05_WS,longitude_dd,0.11042124138512294
AG_H2O_USE_05_WS,PCT_FOREST_REMAIN,-0.0674965550074973
AG_H2O_USE_05_WS,MEAN_WILDFIRE_RISK,-0.14182720112160202
AG_H2O_USE_05_WS,HVH_WILDFIRE_RISK_PCT,-0.21129365926340135
AG_H2O_USE_05_WS,GAP_PROT_1_2_PCT_WS,-0.014293379319751732
AG_H2O_USE_05_WS,capt_yr,-0.18921252646841344
AG_H2O_USE_05_WS,elevation,-0.14203867263015504
AG_H2O_USE_05_WS,NRSA_AQUATIC_COND_MEAN,-0.2720908040014042
AG_H2O_USE_05_WS,N_INDEX_CDLNLCD11_PCT_HAZ,-0.18636291064963556
AG_H2O_USE_05_WS,N_INDEX2_CDLNLCD11_PCT_HAZ,-0.20172015712196315
AG_H2O_USE_05_WS,NFHP15_HCI_LOCAL_WS,0.002810586111921448
AG_H2O_USE_05_WS,N_INDEX2_CDLNLCD11_PCT_WS,-0.2858495699321994
AG_H2O_USE_05_WS,N_INDEX_CDLNLCD11_PCT_WS,-0.2812941371450367
DITCH_DRAINAGE_WS_PCT,spei12,0.11348739708008822
DITCH_DRAINAGE_WS_PCT,AG_HYDRIC_PCT_WS,0.4993324333105409
DITCH_DRAINAGE_WS_PCT,DAM_DENSITY_PER_KM_STRM,0.017342159986874436
DITCH_DRAINAGE_WS_PCT,spei24,0.0021629855820555696
DITCH_DRAINAGE_WS_PCT,DAM_STORAGE_RATIO,-0.02626946462362025
DITCH_DRAINAGE_WS_PCT,areasqkm,0.033863844047720505
DITCH_DRAINAGE_WS_PCT,pcpn_noaa,0.004807279422909994
DITCH_DRAINAGE_WS_PCT,latitude_dd,-0.05237784594107873
DITCH_DRAINAGE_WS_PCT,daylen_hr,0.061294401220418696
DITCH_DRAINAGE_WS_PCT,ECOREGION2013L3_1STCODE,-0.07161621854223402
DITCH_DRAINAGE_WS_PCT,capt_mon,0.03395962292774105
DITCH_DRAINAGE_WS_PCT,tmin_noaa,0.04656974030592843
DITCH_DRAINAGE_WS_PCT,tmpc_noaa,0.0168943108688326
DITCH_DRAINAGE_WS_PCT,tmax_noaa,-0.0023513958804275426
DITCH_DRAINAGE_WS_PCT,longitude_dd,-0.01077034617970137
DITCH_DRAINAGE_WS_PCT,PCT_FOREST_REMAIN,-0.07766711612524914
DITCH_DRAINAGE_WS_PCT,MEAN_WILDFIRE_RISK,-0.1036810270035706
DITCH_DRAINAGE_WS_PCT,HVH_WILDFIRE_RISK_PCT,-0.15118168522059108
DITCH_DRAINAGE_WS_PCT,GAP_PROT_1_2_PCT_WS,-0.07270330136365771
DITCH_DRAINAGE_WS_PCT,capt_yr,-0.19548092652792023
DITCH_DRAINAGE_WS_PCT,elevation,-0.1839909652169259
DITCH_DRAINAGE_WS_PCT,NRSA_AQUATIC_COND_MEAN,-0.18848885353501904
DITCH_DRAINAGE_WS_PCT,N_INDEX_CDLNLCD11_PCT_HAZ,-0.18617029617827344
DITCH_DRAINAGE_WS_PCT,N_INDEX2_CDLNLCD11_PCT_HAZ,-0.1971000110553699
DITCH_DRAINAGE_WS_PCT,NFHP15_HCI_LOCAL_WS,-0.05054765596843811
DITCH_DRAINAGE_WS_PCT,N_INDEX2_CDLNLCD11_PCT_WS,-0.2730949301632466
DITCH_DRAINAGE_WS_PCT,N_INDEX_CDLNLCD11_PCT_WS,-0.26991144440367265
spei12,AG_HYDRIC_PCT_WS,0.1298929778245908
spei12,DAM_DENSITY_PER_KM_STRM,0.19525755615788987
spei12,spei24,0.6421816015885362
spei12,DAM_STORAGE_RATIO,0.11835583131078276
spei12,areasqkm,0.06439076248356569
spei12,pcpn_noaa,0.06627269390253647
spei12,latitude_dd,0.28761368449369734
spei12,daylen_hr,0.011405200128156072
spei12,ECOREGION2013L3_1STCODE,0.001012375102491485
spei12,capt_mon,0.3775661628385455
spei12,tmin_noaa,0.12023073946785168
spei12,tmpc_noaa,0.06974235021423507
spei12,tmax_noaa,0.03633800935247595
spei12,longitude_dd,-0.20393342773738635
spei12,PCT_FOREST_REMAIN,0.09913290753795917
spei12,MEAN_WILDFIRE_RISK,-0.014502041873512242
spei12,HVH_WILDFIRE_RISK_PCT,-0.04515223057858399
spei12,GAP_PROT_1_2_PCT_WS,-0.27009150040755603
spei12,capt_yr,-0.020619734544754357
spei12,elevation,-0.02834031049051914
spei12,NRSA_AQUATIC_COND_MEAN,-0.012212732152304742
spei12,N_INDEX_CDLNLCD11_PCT_HAZ,-0.04517789471359823
spei12,N_INDEX2_CDLNLCD11_PCT_HAZ,-0.0486126956711488
spei12,NFHP15_HCI_LOCAL_WS,-0.22577789641542692
spei12,N_INDEX2_CDLNLCD11_PCT_WS,-0.16271102374670862
spei12,N_INDEX_CDLNLCD11_PCT_WS,-0.1584547997019316
AG_HYDRIC_PCT_WS,DAM_DENSITY_PER_KM_STRM,-0.045951100601202596
AG_HYDRIC_PCT_WS,spei24,-8.383126986297667e-4
AG_HYDRIC_PCT_WS,DAM_STORAGE_RATIO,-0.015552266483858311
AG_HYDRIC_PCT_WS,areasqkm,0.10218379292324109
AG_HYDRIC_PCT_WS,pcpn_noaa,0.1854963577299017
AG_HYDRIC_PCT_WS,latitude_dd,0.08343384332204581
AG_HYDRIC_PCT_WS,daylen_hr,-0.03603889542836294
AG_HYDRIC_PCT_WS,ECOREGION2013L3_1STCODE,-0.1091077299676782
AG_HYDRIC_PCT_WS,capt_mon,0.17483864011781225
AG_HYDRIC_PCT_WS,tmin_noaa,-0.00461482604201468
AG_HYDRIC_PCT_WS,tmpc_noaa,-0.03151989344549768
AG_HYDRIC_PCT_WS,tmax_noaa,-0.04778216481691287
AG_HYDRIC_PCT_WS,longitude_dd,-0.21067269414183634
AG_HYDRIC_PCT_WS,PCT_FOREST_REMAIN,-0.045037760300442625
AG_HYDRIC_PCT_WS,MEAN_WILDFIRE_RISK,-0.13233016345500412
AG_HYDRIC_PCT_WS,HVH_WILDFIRE_RISK_PCT,-0.11814288462053714
AG_HYDRIC_PCT_WS,GAP_PROT_1_2_PCT_WS,-0.16546574457221908
AG_HYDRIC_PCT_WS,capt_yr,-0.18267473897777042
AG_HYDRIC_PCT_WS,elevation,-0.24600370857257858
AG_HYDRIC_PCT_WS,NRSA_AQUATIC_COND_MEAN,-0.16238497449328665
AG_HYDRIC_PCT_WS,N_INDEX_CDLNLCD11_PCT_HAZ,-0.019255667288289112
AG_HYDRIC_PCT_WS,N_INDEX2_CDLNLCD11_PCT_HAZ,-0.024800740870540187
AG_HYDRIC_PCT_WS,NFHP15_HCI_LOCAL_WS,-0.1080090061440363
AG_HYDRIC_PCT_WS,N_INDEX2_CDLNLCD11_PCT_WS,-0.20605920464492036
AG_HYDRIC_PCT_WS,N_INDEX_CDLNLCD11_PCT_WS,-0.20745267944736892
DAM_DENSITY_PER_KM_STRM,spei24,0.2110504188087203
DAM_DENSITY_PER_KM_STRM,DAM_STORAGE_RATIO,0.5215970078133049
DAM_DENSITY_PER_KM_STRM,areasqkm,0.032512876484032435
DAM_DENSITY_PER_KM_STRM,pcpn_noaa,0.07600368317004448
DAM_DENSITY_PER_KM_STRM,latitude_dd,0.1614062483006934
DAM_DENSITY_PER_KM_STRM,daylen_hr,0.03422772829481478
DAM_DENSITY_PER_KM_STRM,ECOREGION2013L3_1STCODE,-0.11141961645131282
DAM_DENSITY_PER_KM_STRM,capt_mon,0.05029867155701851
DAM_DENSITY_PER_KM_STRM,tmin_noaa,0.023576660499255307
DAM_DENSITY_PER_KM_STRM,tmpc_noaa,0.016982611468710534
DAM_DENSITY_PER_KM_STRM,tmax_noaa,0.011882082958075222
DAM_DENSITY_PER_KM_STRM,longitude_dd,-0.14081018801513498
DAM_DENSITY_PER_KM_STRM,PCT_FOREST_REMAIN,0.09160452821318261
DAM_DENSITY_PER_KM_STRM,MEAN_WILDFIRE_RISK,0.03723309574166152
DAM_DENSITY_PER_KM_STRM,HVH_WILDFIRE_RISK_PCT,0.035569861570247704
DAM_DENSITY_PER_KM_STRM,GAP_PROT_1_2_PCT_WS,-0.28107369871379506
DAM_DENSITY_PER_KM_STRM,capt_yr,-0.032787705774295774
DAM_DENSITY_PER_KM_STRM,elevation,-0.05214787353659284
DAM_DENSITY_PER_KM_STRM,NRSA_AQUATIC_COND_MEAN,-0.08000262697144865
DAM_DENSITY_PER_KM_STRM,N_INDEX_CDLNLCD11_PCT_HAZ,-0.08180735703481096
DAM_DENSITY_PER_KM_STRM,N_INDEX2_CDLNLCD11_PCT_HAZ,-0.07616296373350358
DAM_DENSITY_PER_KM_STRM,NFHP15_HCI_LOCAL_WS,-0.30165685677704884
DAM_DENSITY_PER_KM_STRM,N_INDEX2_CDLNLCD11_PCT_WS,-0.170223207213372
DAM_DENSITY_PER_KM_STRM,N_INDEX_CDLNLCD11_PCT_WS,-0.17959040656757327
spei24,DAM_STORAGE_RATIO,0.05350674934381403
spei24,areasqkm,0.028697672175955747
spei24,pcpn_noaa,0.15823933282662656
spei24,latitude_dd,0.269876017047593
spei24,daylen_hr,0.09542626544087096
spei24,ECOREGION2013L3_1STCODE,1.1613214427809516e-4
spei24,capt_mon,0.17378889377874895
spei24,tmin_noaa,0.04722430761137504
spei24,tmpc_noaa,0.0072450198080549685
spei24,tmax_noaa,-0.017405332579860756
spei24,longitude_dd,-0.2229408496597395
spei24,PCT_FOREST_REMAIN,0.2665327465284868
spei24,MEAN_WILDFIRE_RISK,0.04901489522712127
spei24,HVH_WILDFIRE_RISK_PCT,0.023901933724384844
spei24,GAP_PROT_1_2_PCT_WS,-0.12542908610772827
spei24,capt_yr,-0.04923526384609332
spei24,elevation,-0.10943642722863836
spei24,NRSA_AQUATIC_COND_MEAN,0.17296888794292348
spei24,N_INDEX_CDLNLCD11_PCT_HAZ,-0.1441002214537676
spei24,N_INDEX2_CDLNLCD11_PCT_HAZ,-0.14029791078049916
spei24,NFHP15_HCI_LOCAL_WS,-0.20264938674648783
spei24,N_INDEX2_CDLNLCD11_PCT_WS,-0.12200631556333724
spei24,N_INDEX_CDLNLCD11_PCT_WS,-0.12282206291196089
DAM_STORAGE_RATIO,areasqkm,-0.032963072959790965
DAM_STORAGE_RATIO,pcpn_noaa,-0.004564911179914639
DAM_STORAGE_RATIO,latitude_dd,0.0341074386754375
DAM_STORAGE_RATIO,daylen_hr,0.03488052340133166
DAM_STORAGE_RATIO,ECOREGION2013L3_1STCODE,-0.0529419148204838
DAM_STORAGE_RATIO,capt_mon,0.008441709918422403
DAM_STORAGE_RATIO,tmin_noaa,0.05023824426003111
DAM_STORAGE_RATIO,tmpc_noaa,0.048929029806880305
DAM_STORAGE_RATIO,tmax_noaa,0.047016963305504214
DAM_STORAGE_RATIO,longitude_dd,-0.10063162624973346
DAM_STORAGE_RATIO,PCT_FOREST_REMAIN,0.018077024770549642
DAM_STORAGE_RATIO,MEAN_WILDFIRE_RISK,-0.13018723122019032
DAM_STORAGE_RATIO,HVH_WILDFIRE_RISK_PCT,-0.1153712496394391
DAM_STORAGE_RATIO,GAP_PROT_1_2_PCT_WS,-0.12972248489394284
DAM_STORAGE_RATIO,capt_yr,-0.07100791260136478
DAM_STORAGE_RATIO,elevation,-0.12499819851612289
DAM_STORAGE_RATIO,NRSA_AQUATIC_COND_MEAN,-0.07166890931038059
DAM_STORAGE_RATIO,N_INDEX_CDLNLCD11_PCT_HAZ,-0.10724042415991403
DAM_STORAGE_RATIO,N_INDEX2_CDLNLCD11_PCT_HAZ,-0.10449623088155964
DAM_STORAGE_RATIO,NFHP15_HCI_LOCAL_WS,-0.3023898296504887
DAM_STORAGE_RATIO,N_INDEX2_CDLNLCD11_PCT_WS,-0.20435851220193554
DAM_STORAGE_RATIO,N_INDEX_CDLNLCD11_PCT_WS,-0.20944043436043747
areasqkm,pcpn_noaa,-0.04058206766719925
areasqkm,latitude_dd,0.021749414682621433
areasqkm,daylen_hr,0.10123759667559405
areasqkm,ECOREGION2013L3_1STCODE,-0.041737421897598916
areasqkm,capt_mon,0.056579649076896985
areasqkm,tmin_noaa,0.06929182873481628
areasqkm,tmpc_noaa,0.08251737126355585
areasqkm,tmax_noaa,0.09107688303317185
areasqkm,longitude_dd,0.06537832456290171
areasqkm,PCT_FOREST_REMAIN,-0.01177726044283968
areasqkm,MEAN_WILDFIRE_RISK,-0.02358201418082933
areasqkm,HVH_WILDFIRE_RISK_PCT,-0.014491474896478498
areasqkm,GAP_PROT_1_2_PCT_WS,-0.09805369478601207
areasqkm,capt_yr,-0.10272378763324846
areasqkm,elevation,0.12966740519639267
areasqkm,NRSA_AQUATIC_COND_MEAN,-0.00850772936617407
areasqkm,N_INDEX_CDLNLCD11_PCT_HAZ,0.026331924432746137
areasqkm,N_INDEX2_CDLNLCD11_PCT_HAZ,0.025414997319410076
areasqkm,NFHP15_HCI_LOCAL_WS,-0.20653231921209325
areasqkm,N_INDEX2_CDLNLCD11_PCT_WS,-0.26827754751562455
areasqkm,N_INDEX_CDLNLCD11_PCT_WS,-0.27019010208722977
pcpn_noaa,latitude_dd,0.22550237579572296
pcpn_noaa,daylen_hr,-0.4659474374046679
pcpn_noaa,ECOREGION2013L3_1STCODE,0.04153561188741351
pcpn_noaa,capt_mon,-0.1849716719844948
pcpn_noaa,tmin_noaa,-0.5828488075818354
pcpn_noaa,tmpc_noaa,-0.6648505473591436
pcpn_noaa,tmax_noaa,-0.7032664381446426
pcpn_noaa,longitude_dd,-0.262714766833367
pcpn_noaa,PCT_FOREST_REMAIN,-0.012119320863215963
pcpn_noaa,MEAN_WILDFIRE_RISK,0.11019714645236552
pcpn_noaa,HVH_WILDFIRE_RISK_PCT,0.15617082377739955
pcpn_noaa,GAP_PROT_1_2_PCT_WS,-0.1762677100496703
pcpn_noaa,capt_yr,-0.12948742455115062
pcpn_noaa,elevation,-0.18575993631604834
pcpn_noaa,NRSA_AQUATIC_COND_MEAN,0.10318527350515311
pcpn_noaa,N_INDEX_CDLNLCD11_PCT_HAZ,-0.05458311935116952
pcpn_noaa,N_INDEX2_CDLNLCD11_PCT_HAZ,-0.04788045523378924
pcpn_noaa,NFHP15_HCI_LOCAL_WS,-0.04091425500900522
pcpn_noaa,N_INDEX2_CDLNLCD11_PCT_WS,0.01034201951161145
pcpn_noaa,N_INDEX_CDLNLCD11_PCT_WS,5.254287749148065e-4
latitude_dd,daylen_hr,0.11973200475435247
latitude_dd,ECOREGION2013L3_1STCODE,0.43484392295363183
latitude_dd,capt_mon,0.2828440287171164
latitude_dd,tmin_noaa,-0.021121133501748664
latitude_dd,tmpc_noaa,0.0037797374102978404
latitude_dd,tmax_noaa,0.019908097068464158
latitude_dd,longitude_dd,-0.8366916808978884
latitude_dd,PCT_FOREST_REMAIN,0.3193068111689168
latitude_dd,MEAN_WILDFIRE_RISK,0.10812476262433077
latitude_dd,HVH_WILDFIRE_RISK_PCT,0.13834958070205236
latitude_dd,GAP_PROT_1_2_PCT_WS,-0.44942073361011214
latitude_dd,capt_yr,0.16294862593604423
latitude_dd,elevation,0.09790597077905963
latitude_dd,NRSA_AQUATIC_COND_MEAN,0.37349141454086365
latitude_dd,N_INDEX_CDLNLCD11_PCT_HAZ,-0.21916672516166508
latitude_dd,N_INDEX2_CDLNLCD11_PCT_HAZ,-0.2071859109992548
latitude_dd,NFHP15_HCI_LOCAL_WS,-0.18269566941569124
latitude_dd,N_INDEX2_CDLNLCD11_PCT_WS,0.05457004841372489
latitude_dd,N_INDEX_CDLNLCD11_PCT_WS,0.03942100601206784
daylen_hr,ECOREGION2013L3_1STCODE,0.14765393071703067
daylen_hr,capt_mon,-0.16674426277880988
daylen_hr,tmin_noaa,0.6368150274822224
daylen_hr,tmpc_noaa,0.6525718598446795
daylen_hr,tmax_noaa,0.650233204680171
daylen_hr,longitude_dd,-0.06143312019070139
daylen_hr,PCT_FOREST_REMAIN,0.22374764314751008
daylen_hr,MEAN_WILDFIRE_RISK,-0.06750793968861875
daylen_hr,HVH_WILDFIRE_RISK_PCT,-0.07113166473054175
daylen_hr,GAP_PROT_1_2_PCT_WS,0.09412864337071213
daylen_hr,capt_yr,0.01490811586670908
daylen_hr,elevation,0.12395184736714027
daylen_hr,NRSA_AQUATIC_COND_MEAN,-0.013389975668381385
daylen_hr,N_INDEX_CDLNLCD11_PCT_HAZ,-0.0670746964602697
daylen_hr,N_INDEX2_CDLNLCD11_PCT_HAZ,-0.06925260292599315
daylen_hr,NFHP15_HCI_LOCAL_WS,0.012810296348909088
daylen_hr,N_INDEX2_CDLNLCD11_PCT_WS,0.014361962251889222
daylen_hr,N_INDEX_CDLNLCD11_PCT_WS,0.015688673531486966
ECOREGION2013L3_1STCODE,capt_mon,0.027435647812431664
ECOREGION2013L3_1STCODE,tmin_noaa,-0.017660214706826393
ECOREGION2013L3_1STCODE,tmpc_noaa,-0.01878929389192347
ECOREGION2013L3_1STCODE,tmax_noaa,-0.019365087988681026
ECOREGION2013L3_1STCODE,longitude_dd,-0.32136137061109293
ECOREGION2013L3_1STCODE,PCT_FOREST_REMAIN,0.002455751537920226
ECOREGION2013L3_1STCODE,MEAN_WILDFIRE_RISK,0.017330930502318695
ECOREGION2013L3_1STCODE,HVH_WILDFIRE_RISK_PCT,-0.0028781032089793784
ECOREGION2013L3_1STCODE,GAP_PROT_1_2_PCT_WS,0.14743008638670266
ECOREGION2013L3_1STCODE,capt_yr,0.26426990126280614
ECOREGION2013L3_1STCODE,elevation,0.3129783045264201
ECOREGION2013L3_1STCODE,NRSA_AQUATIC_COND_MEAN,0.2838864774820106
ECOREGION2013L3_1STCODE,N_INDEX_CDLNLCD11_PCT_HAZ,-0.15650506416224985
ECOREGION2013L3_1STCODE,N_INDEX2_CDLNLCD11_PCT_HAZ,-0.15228444441185085
ECOREGION2013L3_1STCODE,NFHP15_HCI_LOCAL_WS,-0.03638548606704481
ECOREGION2013L3_1STCODE,N_INDEX2_CDLNLCD11_PCT_WS,0.031558823753296925
ECOREGION2013L3_1STCODE,N_INDEX_CDLNLCD11_PCT_WS,0.027040644754123735
capt_mon,tmin_noaa,0.33313910404053004
capt_mon,tmpc_noaa,0.3410826557739441
capt_mon,tmax_noaa,0.3390511212222423
capt_mon,longitude_dd,-0.28911577834493635
capt_mon,PCT_FOREST_REMAIN,0.049892119802906754
capt_mon,MEAN_WILDFIRE_RISK,-0.09121478213980674
capt_mon,HVH_WILDFIRE_RISK_PCT,-0.11543081760181517
capt_mon,GAP_PROT_1_2_PCT_WS,-0.21438286282020416
capt_mon,capt_yr,0.19721551018292624
capt_mon,elevation,0.03945086369803059
capt_mon,NRSA_AQUATIC_COND_MEAN,0.04903173941426853
capt_mon,N_INDEX_CDLNLCD11_PCT_HAZ,0.12159460108547653
capt_mon,N_INDEX2_CDLNLCD11_PCT_HAZ,0.12244981581485329
capt_mon,NFHP15_HCI_LOCAL_WS,0.009612071588841854
capt_mon,N_INDEX2_CDLNLCD11_PCT_WS,0.03709314532152934
capt_mon,N_INDEX_CDLNLCD11_PCT_WS,0.037675220318670745
tmin_noaa,tmpc_noaa,0.9807084838660057
tmin_noaa,tmax_noaa,0.94846852286764
tmin_noaa,longitude_dd,0.05823783196959425
tmin_noaa,PCT_FOREST_REMAIN,0.12608221090334057
tmin_noaa,MEAN_WILDFIRE_RISK,-0.16660929291182985
tmin_noaa,HVH_WILDFIRE_RISK_PCT,-0.17521421731877893
tmin_noaa,GAP_PROT_1_2_PCT_WS,0.10581771894526001
tmin_noaa,capt_yr,0.2060883257385524
tmin_noaa,elevation,0.1839506578874518
tmin_noaa,NRSA_AQUATIC_COND_MEAN,-0.10025873130921392
tmin_noaa,N_INDEX_CDLNLCD11_PCT_HAZ,0.1491011731115049
tmin_noaa,N_INDEX2_CDLNLCD11_PCT_HAZ,0.1435737935968618
tmin_noaa,NFHP15_HCI_LOCAL_WS,0.011365350863541021
tmin_noaa,N_INDEX2_CDLNLCD11_PCT_WS,0.017782983431951102
tmin_noaa,N_INDEX_CDLNLCD11_PCT_WS,0.023818686535775502
tmpc_noaa,tmax_noaa,0.9920966112562348
tmpc_noaa,longitude_dd,0.044690071538885594
tmpc_noaa,PCT_FOREST_REMAIN,0.14834645126766707
tmpc_noaa,MEAN_WILDFIRE_RISK,-0.1608019936804489
tmpc_noaa,HVH_WILDFIRE_RISK_PCT,-0.16067247033750184
tmpc_noaa,GAP_PROT_1_2_PCT_WS,0.07211307303034323
tmpc_noaa,capt_yr,0.20440265862572976
tmpc_noaa,elevation,0.2103819756143753
tmpc_noaa,NRSA_AQUATIC_COND_MEAN,-0.06568416743572585
tmpc_noaa,N_INDEX_CDLNLCD11_PCT_HAZ,0.138184564794542
tmpc_noaa,N_INDEX2_CDLNLCD11_PCT_HAZ,0.1339164581880847
tmpc_noaa,NFHP15_HCI_LOCAL_WS,7.528504801122094e-4
tmpc_noaa,N_INDEX2_CDLNLCD11_PCT_WS,0.040036268325595016
tmpc_noaa,N_INDEX_CDLNLCD11_PCT_WS,0.04590253047114635
tmax_noaa,longitude_dd,0.03525551712917787
tmax_noaa,PCT_FOREST_REMAIN,0.16040570180441616
tmax_noaa,MEAN_WILDFIRE_RISK,-0.15228991242260112
tmax_noaa,HVH_WILDFIRE_RISK_PCT,-0.14633918769645474
tmax_noaa,GAP_PROT_1_2_PCT_WS,0.049544079553571096
tmax_noaa,capt_yr,0.19857652719863642
tmax_noaa,elevation,0.2227902922346434
tmax_noaa,NRSA_AQUATIC_COND_MEAN,-0.04130928839326779
tmax_noaa,N_INDEX_CDLNLCD11_PCT_HAZ,0.12827690613977236
tmax_noaa,N_INDEX2_CDLNLCD11_PCT_HAZ,0.12490926967790116
tmax_noaa,NFHP15_HCI_LOCAL_WS,-0.0066346119385041775
tmax_noaa,N_INDEX2_CDLNLCD11_PCT_WS,0.05317817806116004
tmax_noaa,N_INDEX_CDLNLCD11_PCT_WS,0.05880234910718693
longitude_dd,PCT_FOREST_REMAIN,-0.14205427375380802
longitude_dd,MEAN_WILDFIRE_RISK,0.1215895756205418
longitude_dd,HVH_WILDFIRE_RISK_PCT,0.10818381570045192
longitude_dd,GAP_PROT_1_2_PCT_WS,0.5163676554077419
longitude_dd,capt_yr,-0.07005667841450816
longitude_dd,elevation,0.22564565251755772
longitude_dd,NRSA_AQUATIC_COND_MEAN,-0.18770286187472032
longitude_dd,N_INDEX_CDLNLCD11_PCT_HAZ,0.2783101524078567
longitude_dd,N_INDEX2_CDLNLCD11_PCT_HAZ,0.2674659060979184
longitude_dd,NFHP15_HCI_LOCAL_WS,0.13075481263064007
longitude_dd,N_INDEX2_CDLNLCD11_PCT_WS,0.07153645756038583
longitude_dd,N_INDEX_CDLNLCD11_PCT_WS,0.08567430652088039
PCT_FOREST_REMAIN,MEAN_WILDFIRE_RISK,0.3270483775252148
PCT_FOREST_REMAIN,HVH_WILDFIRE_RISK_PCT,0.3846636814333539
PCT_FOREST_REMAIN,GAP_PROT_1_2_PCT_WS,-0.08303753088160787
PCT_FOREST_REMAIN,capt_yr,0.002807405597382508
PCT_FOREST_REMAIN,elevation,0.17945543942236286
PCT_FOREST_REMAIN,NRSA_AQUATIC_COND_MEAN,0.4172608794509895
PCT_FOREST_REMAIN,N_INDEX_CDLNLCD11_PCT_HAZ,-0.08203425354112649
PCT_FOREST_REMAIN,N_INDEX2_CDLNLCD11_PCT_HAZ,-0.07531362591806051
PCT_FOREST_REMAIN,NFHP15_HCI_LOCAL_WS,0.01729931368967442
PCT_FOREST_REMAIN,N_INDEX2_CDLNLCD11_PCT_WS,0.2222791287092365
PCT_FOREST_REMAIN,N_INDEX_CDLNLCD11_PCT_WS,0.21239512145098274
MEAN_WILDFIRE_RISK,HVH_WILDFIRE_RISK_PCT,0.9237447609404282
MEAN_WILDFIRE_RISK,GAP_PROT_1_2_PCT_WS,0.029566363316713203
MEAN_WILDFIRE_RISK,capt_yr,0.15775944840199843
MEAN_WILDFIRE_RISK,elevation,0.06988615808929234
MEAN_WILDFIRE_RISK,NRSA_AQUATIC_COND_MEAN,0.3448025543278908
MEAN_WILDFIRE_RISK,N_INDEX_CDLNLCD11_PCT_HAZ,0.14725374614499534
MEAN_WILDFIRE_RISK,N_INDEX2_CDLNLCD11_PCT_HAZ,0.15212989571812602
MEAN_WILDFIRE_RISK,NFHP15_HCI_LOCAL_WS,0.14889253513686673
MEAN_WILDFIRE_RISK,N_INDEX2_CDLNLCD11_PCT_WS,0.2719042739404855
MEAN_WILDFIRE_RISK,N_INDEX_CDLNLCD11_PCT_WS,0.26487599183054455
HVH_WILDFIRE_RISK_PCT,GAP_PROT_1_2_PCT_WS,0.047577268792597334
HVH_WILDFIRE_RISK_PCT,capt_yr,0.1258751036398542
HVH_WILDFIRE_RISK_PCT,elevation,0.09223550710643727
HVH_WILDFIRE_RISK_PCT,NRSA_AQUATIC_COND_MEAN,0.4444146333703784
HVH_WILDFIRE_RISK_PCT,N_INDEX_CDLNLCD11_PCT_HAZ,0.17908092289325445
HVH_WILDFIRE_RISK_PCT,N_INDEX2_CDLNLCD11_PCT_HAZ,0.1889390089752925
HVH_WILDFIRE_RISK_PCT,NFHP15_HCI_LOCAL_WS,0.12753642216812752
HVH_WILDFIRE_RISK_PCT,N_INDEX2_CDLNLCD11_PCT_WS,0.3859663721069152
HVH_WILDFIRE_RISK_PCT,N_INDEX_CDLNLCD11_PCT_WS,0.3725017323630594
GAP_PROT_1_2_PCT_WS,capt_yr,-0.03648464363637498
GAP_PROT_1_2_PCT_WS,elevation,0.14246783120679152
GAP_PROT_1_2_PCT_WS,NRSA_AQUATIC_COND_MEAN,0.15472202467434734
GAP_PROT_1_2_PCT_WS,N_INDEX_CDLNLCD11_PCT_HAZ,0.11171706268706792
GAP_PROT_1_2_PCT_WS,N_INDEX2_CDLNLCD11_PCT_HAZ,0.10821125074009603
GAP_PROT_1_2_PCT_WS,NFHP15_HCI_LOCAL_WS,0.3361616742711932
GAP_PROT_1_2_PCT_WS,N_INDEX2_CDLNLCD11_PCT_WS,0.225558659665371
GAP_PROT_1_2_PCT_WS,N_INDEX_CDLNLCD11_PCT_WS,0.23407914514469214
capt_yr,elevation,0.3276407452836931
capt_yr,NRSA_AQUATIC_COND_MEAN,0.19266477355282863
capt_yr,N_INDEX_CDLNLCD11_PCT_HAZ,0.22506117350891736
capt_yr,N_INDEX2_CDLNLCD11_PCT_HAZ,0.2270299925305749
capt_yr,NFHP15_HCI_LOCAL_WS,0.27024258138212814
capt_yr,N_INDEX2_CDLNLCD11_PCT_WS,0.2567170745352106
capt_yr,N_INDEX_CDLNLCD11_PCT_WS,0.256019161192144
elevation,NRSA_AQUATIC_COND_MEAN,0.20869135581784828
elevation,N_INDEX_CDLNLCD11_PCT_HAZ,0.3224254238138717
elevation,N_INDEX2_CDLNLCD11_PCT_HAZ,0.32026896316595455
elevation,NFHP15_HCI_LOCAL_WS,0.18897098625492154
elevation,N_INDEX2_CDLNLCD11_PCT_WS,0.3372048265568769
elevation,N_INDEX_CDLNLCD11_PCT_WS,0.3485878352421616
NRSA_AQUATIC_COND_MEAN,N_INDEX_CDLNLCD11_PCT_HAZ,0.04589964943135395
NRSA_AQUATIC_COND_MEAN,N_INDEX2_CDLNLCD11_PCT_HAZ,0.0646797183625365
NRSA_AQUATIC_COND_MEAN,NFHP15_HCI_LOCAL_WS,0.2737120119612922
NRSA_AQUATIC_COND_MEAN,N_INDEX2_CDLNLCD11_PCT_WS,0.4274736324005257
NRSA_AQUATIC_COND_MEAN,N_INDEX_CDLNLCD11_PCT_WS,0.41332723011455597
N_INDEX_CDLNLCD11_PCT_HAZ,N_INDEX2_CDLNLCD11_PCT_HAZ,0.9988620204023655
N_INDEX_CDLNLCD11_PCT_HAZ,NFHP15_HCI_LOCAL_WS,0.3879426124716438
N_INDEX_CDLNLCD11_PCT_HAZ,N_INDEX2_CDLNLCD11_PCT_WS,0.5832635719592497
N_INDEX_CDLNLCD11_PCT_HAZ,N_INDEX_CDLNLCD11_PCT_WS,0.5944958782774821
N_INDEX2_CDLNLCD11_PCT_HAZ,NFHP15_HCI_LOCAL_WS,0.3883169727956565
N_INDEX2_CDLNLCD11_PCT_HAZ,N_INDEX2_CDLNLCD11_PCT_WS,0.597560013843772
N_INDEX2_CDLNLCD11_PCT_HAZ,N_INDEX_CDLNLCD11_PCT_WS,0.6066075552116349
NFHP15_HCI_LOCAL_WS,N_INDEX2_CDLNLCD11_PCT_WS,0.6282088814583618
NFHP15_HCI_LOCAL_WS,N_INDEX_CDLNLCD11_PCT_WS,0.6347046408082572
N_INDEX2_CDLNLCD11_PCT_WS,N_INDEX_CDLNLCD11_PCT_WS,0.9982749438022543
